,Action,Alternative,Animated,Classical.music,Comedy,Country,Dance,Documentary,Fantasy.Fairy.tales,Folk,Hiphop..Rap,Horror,Latino,Metal.or.Hardrock,Movies,Music,Musical,Opera,Pop,Punk,Reggae..Ska,Rock,Rock.n.roll,Romantic,Sci.fi,Slow.songs.or.fast.songs,Swing..Jazz,Techno..Trance,Thriller,War,Western
1,2.0,1.0,5.0,2.0,5.0,2.0,2.0,3.0,5.0,1.0,1.0,4.0,1.0,1.0,5.0,5.0,1.0,1.0,5.0,1.0,1.0,5.0,3.0,4.0,4.0,3.0,1.0,1.0,2.0,1.0,1.0
5,4.0,2.0,4.0,4.0,5.0,2.0,4.0,3.0,4.0,3.0,5.0,4.0,4.0,1.0,5.0,5.0,3.0,2.0,5.0,2.0,3.0,3.0,1.0,2.0,3.0,3.0,2.0,2.0,4.0,3.0,1.0
7,2.0,3.0,5.0,2.0,5.0,1.0,5.0,3.0,5.0,3.0,3.0,2.0,3.0,1.0,4.0,5.0,2.0,2.0,5.0,1.0,1.0,3.0,2.0,3.0,1.0,5.0,1.0,5.0,1.0,3.0,1.0
11,3.0,3.0,5.0,2.0,5.0,1.0,3.0,3.0,5.0,2.0,3.0,5.0,3.0,2.0,5.0,5.0,3.0,2.0,4.0,1.0,2.0,3.0,3.0,3.0,3.0,3.0,2.0,4.0,4.0,2.0,1.0
14,3.0,1.0,4.0,1.0,5.0,2.0,5.0,2.0,5.0,3.0,2.0,3.0,3.0,1.0,5.0,5.0,5.0,1.0,5.0,1.0,1.0,2.0,2.0,5.0,2.0,3.0,3.0,1.0,2.0,1.0,1.0
18,3.0,1.0,4.0,2.0,5.0,3.0,3.0,5.0,4.0,3.0,3.0,4.0,2.0,2.0,5.0,5.0,2.0,3.0,4.0,3.0,4.0,4.0,3.0,5.0,5.0,3.0,3.0,1.0,2.0,2.0,1.0
23,3.0,2.0,5.0,3.0,5.0,3.0,3.0,5.0,4.0,2.0,2.0,2.0,3.0,1.0,5.0,5.0,3.0,2.0,4.0,2.0,1.0,4.0,3.0,4.0,4.0,3.0,1.0,3.0,3.0,2.0,3.0
24,2.0,1.0,5.0,2.0,5.0,2.0,4.0,3.0,5.0,2.0,3.0,2.0,4.0,2.0,5.0,5.0,4.0,1.0,4.0,3.0,3.0,5.0,3.0,5.0,4.0,3.0,3.0,1.0,4.0,3.0,2.0
26,1.0,1.0,3.0,2.0,5.0,1.0,4.0,3.0,4.0,2.0,3.0,1.0,4.0,1.0,5.0,5.0,3.0,1.0,5.0,1.0,1.0,1.0,1.0,5.0,1.0,3.0,2.0,2.0,2.0,1.0,1.0
30,2.0,3.0,5.0,3.0,5.0,2.0,3.0,4.0,5.0,4.0,3.0,3.0,4.0,1.0,5.0,5.0,3.0,2.0,3.0,3.0,4.0,4.0,4.0,5.0,2.0,4.0,3.0,3.0,2.0,4.0,2.0
32,1.0,1.0,5.0,2.0,5.0,3.0,4.0,4.0,5.0,1.0,3.0,1.0,5.0,1.0,4.0,4.0,3.0,2.0,5.0,1.0,3.0,3.0,1.0,5.0,2.0,3.0,2.0,1.0,1.0,2.0,1.0
36,5.0,3.0,1.0,4.0,5.0,1.0,3.0,1.0,1.0,3.0,4.0,1.0,5.0,1.0,5.0,5.0,5.0,1.0,5.0,1.0,3.0,3.0,3.0,5.0,3.0,3.0,1.0,1.0,2.0,4.0,1.0
44,4.0,4.0,5.0,2.0,5.0,1.0,3.0,3.0,5.0,1.0,3.0,1.0,3.0,1.0,5.0,5.0,2.0,1.0,5.0,2.0,2.0,4.0,2.0,4.0,3.0,4.0,2.0,3.0,1.0,2.0,1.0
45,3.0,4.0,4.0,3.0,5.0,1.0,4.0,4.0,5.0,2.0,3.0,3.0,5.0,1.0,5.0,4.0,3.0,3.0,4.0,1.0,1.0,4.0,3.0,4.0,3.0,4.0,3.0,4.0,4.0,1.0,1.0
49,2.0,2.0,2.0,1.0,3.0,1.0,3.0,3.0,2.0,1.0,5.0,2.0,4.0,1.0,3.0,5.0,4.0,1.0,3.0,2.0,5.0,2.0,2.0,2.0,2.0,4.0,2.0,2.0,2.0,1.0,1.0
65,2.0,1.0,5.0,1.0,5.0,1.0,3.0,2.0,5.0,1.0,2.0,2.0,3.0,1.0,5.0,5.0,4.0,2.0,4.0,3.0,1.0,5.0,2.0,5.0,1.0,3.0,2.0,2.0,1.0,3.0,1.0
68,3.0,1.0,1.0,2.0,5.0,2.0,4.0,2.0,4.0,3.0,4.0,3.0,5.0,1.0,5.0,3.0,4.0,1.0,5.0,1.0,3.0,1.0,4.0,5.0,1.0,4.0,4.0,1.0,3.0,2.0,1.0
70,1.0,1.0,5.0,1.0,5.0,1.0,1.0,1.0,3.0,1.0,1.0,1.0,4.0,1.0,5.0,5.0,4.0,2.0,5.0,1.0,1.0,4.0,2.0,5.0,1.0,4.0,1.0,1.0,1.0,1.0,1.0
71,1.0,1.0,3.0,2.0,5.0,2.0,5.0,2.0,2.0,2.0,5.0,1.0,2.0,1.0,5.0,5.0,3.0,1.0,5.0,1.0,2.0,3.0,1.0,3.0,3.0,3.0,3.0,3.0,3.0,3.0,1.0
78,4.0,2.0,5.0,2.0,5.0,2.0,5.0,5.0,5.0,1.0,4.0,1.0,5.0,2.0,5.0,5.0,2.0,1.0,5.0,1.0,2.0,4.0,2.0,3.0,1.0,3.0,2.0,5.0,2.0,1.0,2.0
84,5.0,1.0,5.0,4.0,5.0,2.0,5.0,5.0,5.0,1.0,3.0,3.0,5.0,3.0,5.0,5.0,4.0,3.0,5.0,1.0,2.0,5.0,3.0,5.0,1.0,3.0,4.0,5.0,5.0,1.0,1.0
91,5.0,3.0,5.0,3.0,5.0,1.0,3.0,3.0,5.0,2.0,1.0,2.0,1.0,1.0,4.0,4.0,4.0,1.0,3.0,3.0,3.0,4.0,2.0,4.0,2.0,2.0,1.0,1.0,2.0,2.0,1.0
100,3.0,1.0,3.0,2.0,5.0,1.0,4.0,5.0,4.0,1.0,2.0,2.0,4.0,1.0,3.0,5.0,2.0,1.0,4.0,3.0,4.0,2.0,2.0,4.0,2.0,3.0,1.0,1.0,1.0,1.0,1.0
101,3.0,2.0,5.0,4.0,5.0,2.0,4.0,3.0,5.0,3.0,4.0,2.0,3.0,3.0,5.0,5.0,5.0,2.0,4.0,2.0,4.0,5.0,3.0,5.0,3.0,4.0,3.0,2.0,2.0,2.0,2.0
113,2.0,3.0,4.0,4.0,4.0,2.0,4.0,4.0,4.0,2.0,1.0,1.0,5.0,2.0,5.0,5.0,3.0,1.0,3.0,2.0,3.0,3.0,2.0,4.0,3.0,3.0,4.0,4.0,3.0,1.0,1.0
114,3.0,2.0,5.0,1.0,5.0,3.0,4.0,5.0,5.0,2.0,3.0,3.0,2.0,2.0,4.0,3.0,2.0,1.0,4.0,1.0,1.0,4.0,2.0,5.0,1.0,4.0,1.0,5.0,3.0,1.0,2.0
118,4.0,1.0,2.0,1.0,4.0,1.0,2.0,4.0,4.0,2.0,1.0,1.0,4.0,2.0,4.0,5.0,3.0,1.0,5.0,1.0,1.0,3.0,2.0,5.0,2.0,3.0,1.0,1.0,2.0,2.0,1.0
120,2.0,1.0,3.0,3.0,4.0,1.0,4.0,2.0,3.0,2.0,2.0,2.0,2.0,2.0,3.0,4.0,2.0,2.0,4.0,1.0,2.0,2.0,2.0,3.0,1.0,2.0,2.0,3.0,3.0,2.0,1.0
127,4.0,2.0,5.0,3.0,4.0,1.0,4.0,3.0,5.0,1.0,4.0,1.0,1.0,1.0,3.0,3.0,1.0,1.0,4.0,4.0,1.0,4.0,1.0,4.0,1.0,5.0,1.0,1.0,2.0,1.0,1.0
130,2.0,4.0,5.0,2.0,4.0,1.0,5.0,5.0,5.0,3.0,2.0,1.0,3.0,2.0,5.0,5.0,2.0,1.0,4.0,2.0,3.0,5.0,3.0,5.0,2.0,4.0,4.0,1.0,1.0,2.0,2.0
138,3.0,3.0,5.0,5.0,4.0,3.0,4.0,3.0,4.0,3.0,4.0,1.0,4.0,2.0,2.0,5.0,5.0,2.0,5.0,2.0,3.0,4.0,4.0,3.0,1.0,3.0,5.0,2.0,3.0,2.0,1.0
139,2.0,2.0,4.0,4.0,5.0,3.0,2.0,4.0,5.0,3.0,3.0,1.0,3.0,1.0,5.0,5.0,5.0,2.0,2.0,1.0,3.0,1.0,4.0,5.0,1.0,3.0,4.0,1.0,2.0,3.0,3.0
140,3.0,1.0,4.0,3.0,5.0,2.0,5.0,1.0,3.0,3.0,5.0,3.0,2.0,1.0,5.0,5.0,3.0,2.0,5.0,2.0,3.0,4.0,4.0,5.0,2.0,4.0,4.0,3.0,3.0,1.0,2.0
143,2.0,2.0,4.0,2.0,4.0,3.0,4.0,1.0,3.0,1.0,3.0,1.0,3.0,1.0,4.0,5.0,2.0,1.0,4.0,1.0,2.0,4.0,1.0,4.0,4.0,4.0,1.0,2.0,2.0,1.0,1.0
144,2.0,3.0,5.0,1.0,4.0,1.0,4.0,4.0,4.0,2.0,5.0,4.0,3.0,2.0,5.0,5.0,2.0,1.0,4.0,3.0,4.0,4.0,1.0,3.0,3.0,4.0,1.0,3.0,2.0,1.0,1.0
154,4.0,1.0,5.0,3.0,5.0,2.0,5.0,4.0,3.0,2.0,4.0,2.0,3.0,1.0,3.0,2.0,2.0,3.0,4.0,2.0,1.0,2.0,2.0,4.0,3.0,5.0,4.0,3.0,4.0,3.0,2.0
159,4.0,3.0,5.0,3.0,5.0,1.0,4.0,2.0,5.0,2.0,4.0,4.0,2.0,1.0,5.0,5.0,2.0,1.0,5.0,3.0,5.0,4.0,3.0,5.0,4.0,3.0,4.0,5.0,4.0,1.0,1.0
163,2.0,1.0,1.0,5.0,5.0,4.0,3.0,5.0,2.0,5.0,5.0,2.0,5.0,1.0,4.0,4.0,2.0,3.0,4.0,1.0,4.0,3.0,2.0,5.0,3.0,2.0,3.0,1.0,2.0,5.0,3.0
166,3.0,1.0,2.0,3.0,5.0,4.0,5.0,4.0,3.0,2.0,5.0,1.0,5.0,1.0,5.0,5.0,1.0,1.0,4.0,1.0,3.0,1.0,2.0,5.0,2.0,4.0,3.0,2.0,1.0,5.0,1.0
186,3.0,1.0,5.0,2.0,5.0,1.0,3.0,3.0,5.0,1.0,4.0,1.0,5.0,1.0,5.0,3.0,5.0,1.0,3.0,1.0,3.0,2.0,4.0,5.0,3.0,3.0,3.0,3.0,2.0,3.0,2.0
187,2.0,2.0,1.0,3.0,5.0,2.0,2.0,5.0,4.0,4.0,1.0,1.0,3.0,1.0,4.0,4.0,3.0,4.0,4.0,1.0,1.0,2.0,2.0,5.0,2.0,2.0,3.0,2.0,2.0,2.0,2.0
193,2.0,2.0,5.0,3.0,5.0,2.0,4.0,4.0,5.0,1.0,5.0,3.0,3.0,1.0,5.0,5.0,3.0,1.0,5.0,3.0,2.0,4.0,3.0,4.0,3.0,1.0,1.0,4.0,3.0,2.0,1.0
198,1.0,1.0,2.0,1.0,5.0,3.0,3.0,1.0,3.0,2.0,3.0,4.0,3.0,1.0,5.0,5.0,4.0,1.0,2.0,1.0,2.0,2.0,1.0,5.0,1.0,3.0,2.0,1.0,4.0,3.0,1.0
204,4.0,2.0,5.0,3.0,5.0,2.0,4.0,2.0,5.0,2.0,3.0,3.0,4.0,3.0,5.0,5.0,1.0,3.0,4.0,3.0,3.0,5.0,2.0,5.0,3.0,3.0,2.0,3.0,3.0,3.0,2.0
218,4.0,4.0,5.0,2.0,5.0,3.0,4.0,4.0,5.0,1.0,3.0,1.0,3.0,1.0,5.0,5.0,5.0,3.0,4.0,2.0,1.0,3.0,4.0,5.0,3.0,3.0,2.0,2.0,3.0,2.0,2.0
224,4.0,2.0,5.0,3.0,5.0,2.0,3.0,4.0,4.0,3.0,4.0,1.0,5.0,2.0,5.0,5.0,1.0,2.0,4.0,1.0,3.0,2.0,2.0,3.0,2.0,3.0,4.0,2.0,2.0,2.0,1.0
232,3.0,1.0,3.0,2.0,5.0,3.0,3.0,3.0,4.0,2.0,1.0,4.0,5.0,3.0,5.0,5.0,2.0,1.0,4.0,3.0,2.0,5.0,5.0,5.0,2.0,1.0,3.0,1.0,4.0,1.0,1.0
238,3.0,2.0,5.0,3.0,5.0,1.0,4.0,4.0,5.0,2.0,5.0,3.0,5.0,1.0,4.0,5.0,3.0,2.0,4.0,1.0,4.0,3.0,2.0,5.0,2.0,4.0,3.0,3.0,2.0,3.0,2.0
239,3.0,2.0,5.0,2.0,5.0,2.0,2.0,3.0,5.0,1.0,5.0,5.0,4.0,1.0,5.0,5.0,3.0,1.0,4.0,1.0,3.0,2.0,3.0,5.0,3.0,2.0,2.0,1.0,4.0,4.0,2.0
243,3.0,1.0,2.0,2.0,5.0,1.0,3.0,2.0,3.0,2.0,1.0,1.0,4.0,1.0,5.0,3.0,5.0,3.0,5.0,1.0,1.0,4.0,2.0,4.0,4.0,3.0,2.0,1.0,5.0,2.0,1.0
245,4.0,3.0,5.0,3.0,5.0,4.0,5.0,2.0,5.0,2.0,2.0,5.0,5.0,2.0,5.0,5.0,5.0,1.0,5.0,3.0,3.0,5.0,4.0,4.0,2.0,3.0,3.0,2.0,5.0,1.0,1.0
255,4.0,2.0,2.0,2.0,5.0,2.0,5.0,3.0,5.0,3.0,4.0,1.0,5.0,1.0,5.0,5.0,5.0,2.0,5.0,1.0,2.0,3.0,5.0,5.0,1.0,3.0,1.0,3.0,2.0,5.0,1.0
257,2.0,1.0,5.0,1.0,5.0,2.0,3.0,2.0,5.0,4.0,3.0,2.0,5.0,1.0,3.0,5.0,2.0,1.0,5.0,1.0,2.0,2.0,2.0,5.0,2.0,3.0,1.0,1.0,2.0,2.0,2.0
262,4.0,1.0,5.0,2.0,5.0,3.0,4.0,3.0,4.0,2.0,2.0,5.0,3.0,1.0,5.0,5.0,2.0,1.0,5.0,2.0,1.0,2.0,1.0,5.0,4.0,3.0,1.0,1.0,4.0,1.0,1.0
264,3.0,3.0,5.0,2.0,5.0,2.0,5.0,1.0,4.0,2.0,4.0,4.0,5.0,2.0,5.0,5.0,4.0,2.0,5.0,2.0,3.0,4.0,4.0,4.0,3.0,5.0,2.0,3.0,2.0,2.0,1.0
266,3.0,1.0,2.0,2.0,5.0,1.0,3.0,2.0,2.0,2.0,4.0,3.0,1.0,1.0,5.0,5.0,3.0,1.0,5.0,1.0,3.0,2.0,2.0,5.0,4.0,3.0,3.0,1.0,3.0,2.0,1.0
267,2.0,1.0,4.0,3.0,5.0,2.0,3.0,3.0,4.0,3.0,2.0,2.0,4.0,1.0,5.0,5.0,3.0,2.0,4.0,1.0,2.0,4.0,3.0,5.0,3.0,3.0,4.0,1.0,3.0,3.0,2.0
269,3.0,2.0,5.0,2.0,5.0,1.0,3.0,5.0,5.0,2.0,2.0,1.0,5.0,1.0,4.0,5.0,2.0,2.0,5.0,1.0,3.0,2.0,3.0,5.0,4.0,3.0,3.0,1.0,1.0,2.0,2.0
275,2.0,1.0,4.0,2.0,5.0,3.0,5.0,5.0,3.0,3.0,4.0,3.0,3.0,1.0,4.0,5.0,2.0,1.0,4.0,1.0,3.0,3.0,4.0,4.0,1.0,4.0,2.0,2.0,3.0,2.0,2.0
280,1.0,1.0,5.0,2.0,5.0,2.0,4.0,5.0,5.0,2.0,3.0,3.0,2.0,1.0,4.0,5.0,1.0,1.0,4.0,3.0,3.0,3.0,1.0,5.0,3.0,3.0,1.0,2.0,3.0,2.0,1.0
283,2.0,2.0,3.0,1.0,5.0,2.0,1.0,1.0,3.0,1.0,1.0,3.0,3.0,1.0,3.0,5.0,2.0,1.0,3.0,1.0,2.0,2.0,2.0,2.0,1.0,3.0,1.0,1.0,4.0,1.0,1.0
286,3.0,1.0,3.0,3.0,5.0,1.0,3.0,2.0,3.0,1.0,3.0,3.0,1.0,1.0,5.0,5.0,3.0,4.0,5.0,1.0,1.0,5.0,1.0,4.0,2.0,4.0,2.0,1.0,4.0,2.0,1.0
291,2.0,3.0,5.0,2.0,5.0,1.0,4.0,4.0,5.0,1.0,4.0,2.0,4.0,1.0,5.0,4.0,4.0,1.0,4.0,1.0,3.0,4.0,4.0,5.0,3.0,3.0,4.0,1.0,4.0,3.0,1.0
293,5.0,3.0,5.0,2.0,5.0,3.0,5.0,3.0,5.0,2.0,3.0,2.0,5.0,1.0,5.0,5.0,5.0,1.0,5.0,3.0,3.0,4.0,3.0,5.0,3.0,4.0,3.0,2.0,4.0,2.0,2.0
299,3.0,1.0,5.0,2.0,5.0,3.0,5.0,4.0,5.0,2.0,5.0,2.0,5.0,1.0,5.0,5.0,2.0,1.0,4.0,1.0,4.0,3.0,5.0,4.0,2.0,3.0,4.0,2.0,2.0,5.0,2.0
303,1.0,1.0,5.0,2.0,5.0,1.0,5.0,3.0,5.0,4.0,5.0,3.0,5.0,2.0,5.0,5.0,5.0,2.0,5.0,2.0,3.0,5.0,4.0,4.0,1.0,4.0,1.0,1.0,4.0,1.0,1.0
304,5.0,1.0,3.0,2.0,5.0,4.0,2.0,3.0,3.0,2.0,4.0,1.0,5.0,4.0,5.0,4.0,5.0,1.0,4.0,2.0,2.0,5.0,3.0,4.0,1.0,5.0,2.0,1.0,3.0,3.0,4.0
305,4.0,1.0,4.0,4.0,5.0,1.0,2.0,2.0,4.0,2.0,2.0,1.0,2.0,2.0,5.0,5.0,4.0,3.0,4.0,1.0,3.0,4.0,2.0,4.0,3.0,3.0,2.0,1.0,3.0,1.0,1.0
307,1.0,5.0,5.0,3.0,5.0,3.0,5.0,2.0,5.0,3.0,4.0,3.0,5.0,2.0,5.0,5.0,3.0,1.0,3.0,4.0,5.0,4.0,5.0,5.0,2.0,5.0,5.0,4.0,1.0,1.0,1.0
314,3.0,2.0,3.0,4.0,5.0,2.0,3.0,3.0,4.0,2.0,4.0,4.0,4.0,1.0,5.0,5.0,3.0,2.0,4.0,1.0,1.0,2.0,4.0,4.0,5.0,4.0,3.0,2.0,4.0,3.0,1.0
317,3.0,2.0,5.0,1.0,5.0,1.0,4.0,3.0,3.0,1.0,3.0,2.0,2.0,1.0,4.0,5.0,3.0,2.0,3.0,2.0,2.0,3.0,1.0,4.0,3.0,3.0,1.0,4.0,3.0,2.0,1.0
325,4.0,3.0,4.0,2.0,5.0,2.0,4.0,3.0,4.0,2.0,2.0,2.0,3.0,2.0,5.0,5.0,2.0,2.0,5.0,3.0,3.0,3.0,3.0,5.0,3.0,3.0,3.0,2.0,3.0,2.0,2.0
330,2.0,2.0,4.0,3.0,4.0,3.0,4.0,3.0,5.0,2.0,4.0,4.0,2.0,1.0,5.0,5.0,2.0,1.0,4.0,2.0,2.0,4.0,3.0,4.0,2.0,3.0,2.0,3.0,5.0,4.0,1.0
333,3.0,1.0,5.0,3.0,5.0,3.0,3.0,3.0,5.0,2.0,2.0,3.0,5.0,1.0,5.0,4.0,5.0,1.0,3.0,1.0,3.0,2.0,1.0,5.0,1.0,3.0,1.0,1.0,1.0,2.0,2.0
334,3.0,2.0,5.0,3.0,5.0,3.0,3.0,3.0,5.0,2.0,3.0,2.0,3.0,2.0,4.0,5.0,4.0,2.0,5.0,2.0,2.0,4.0,3.0,5.0,3.0,2.0,3.0,2.0,2.0,2.0,3.0
339,3.0,1.0,4.0,4.0,5.0,2.0,3.0,3.0,4.0,2.0,2.0,4.0,1.0,2.0,5.0,5.0,3.0,2.0,3.0,2.0,1.0,5.0,2.0,5.0,3.0,3.0,1.0,2.0,3.0,1.0,1.0
343,3.0,3.0,4.0,2.0,5.0,2.0,3.0,3.0,4.0,2.0,4.0,1.0,4.0,1.0,3.0,5.0,4.0,2.0,3.0,2.0,4.0,3.0,3.0,3.0,5.0,3.0,3.0,3.0,2.0,2.0,2.0
344,1.0,2.0,5.0,2.0,4.0,2.0,3.0,4.0,5.0,5.0,1.0,2.0,5.0,2.0,4.0,5.0,5.0,2.0,5.0,2.0,2.0,4.0,5.0,3.0,1.0,4.0,2.0,1.0,5.0,2.0,1.0
345,1.0,3.0,2.0,1.0,5.0,4.0,2.0,1.0,5.0,4.0,2.0,1.0,3.0,1.0,4.0,5.0,2.0,1.0,5.0,1.0,1.0,3.0,4.0,4.0,1.0,3.0,1.0,1.0,2.0,1.0,1.0
350,3.0,1.0,5.0,2.0,5.0,1.0,5.0,3.0,5.0,2.0,3.0,5.0,2.0,1.0,5.0,5.0,3.0,1.0,5.0,1.0,2.0,2.0,3.0,5.0,2.0,4.0,3.0,4.0,5.0,1.0,1.0
358,3.0,1.0,5.0,2.0,5.0,1.0,3.0,4.0,5.0,1.0,5.0,2.0,4.0,4.0,4.0,5.0,2.0,2.0,2.0,3.0,2.0,4.0,1.0,4.0,4.0,4.0,2.0,3.0,2.0,4.0,2.0
360,4.0,1.0,5.0,3.0,5.0,4.0,4.0,5.0,5.0,2.0,4.0,1.0,3.0,1.0,5.0,5.0,2.0,3.0,5.0,2.0,4.0,2.0,3.0,5.0,3.0,3.0,2.0,2.0,2.0,3.0,3.0
361,4.0,3.0,3.0,1.0,5.0,2.0,4.0,3.0,5.0,1.0,5.0,1.0,3.0,1.0,5.0,5.0,3.0,2.0,5.0,1.0,5.0,5.0,4.0,5.0,1.0,3.0,3.0,1.0,2.0,2.0,2.0
375,2.0,1.0,3.0,1.0,5.0,2.0,5.0,3.0,5.0,2.0,3.0,3.0,2.0,1.0,5.0,5.0,2.0,1.0,5.0,1.0,3.0,3.0,2.0,5.0,2.0,3.0,2.0,3.0,4.0,4.0,2.0
376,3.0,1.0,5.0,1.0,5.0,1.0,4.0,3.0,5.0,2.0,5.0,1.0,3.0,2.0,5.0,5.0,3.0,1.0,5.0,2.0,2.0,4.0,1.0,5.0,2.0,3.0,2.0,2.0,2.0,1.0,1.0
377,2.0,1.0,5.0,1.0,5.0,1.0,3.0,5.0,5.0,1.0,5.0,2.0,2.0,1.0,5.0,5.0,1.0,1.0,4.0,1.0,1.0,1.0,1.0,5.0,1.0,5.0,1.0,1.0,3.0,1.0,1.0
379,2.0,2.0,5.0,2.0,5.0,2.0,5.0,4.0,5.0,2.0,4.0,5.0,3.0,1.0,5.0,5.0,4.0,1.0,5.0,1.0,5.0,4.0,2.0,3.0,2.0,5.0,1.0,3.0,4.0,1.0,1.0
381,4.0,2.0,4.0,2.0,4.0,2.0,4.0,2.0,5.0,3.0,4.0,4.0,5.0,1.0,5.0,5.0,3.0,1.0,4.0,1.0,2.0,4.0,4.0,3.0,2.0,4.0,2.0,5.0,3.0,1.0,1.0
383,4.0,2.0,5.0,2.0,5.0,4.0,4.0,4.0,5.0,3.0,4.0,4.0,5.0,1.0,5.0,5.0,2.0,1.0,5.0,1.0,2.0,1.0,2.0,5.0,2.0,3.0,1.0,4.0,2.0,4.0,2.0
388,5.0,2.0,5.0,2.0,5.0,2.0,5.0,3.0,5.0,2.0,5.0,5.0,5.0,1.0,5.0,5.0,4.0,1.0,5.0,1.0,5.0,2.0,3.0,5.0,1.0,3.0,3.0,2.0,5.0,1.0,1.0
390,2.0,2.0,4.0,3.0,4.0,2.0,3.0,4.0,4.0,2.0,2.0,3.0,5.0,1.0,5.0,5.0,3.0,2.0,3.0,1.0,2.0,2.0,3.0,4.0,3.0,4.0,4.0,1.0,3.0,3.0,2.0
392,4.0,2.0,3.0,3.0,4.0,3.0,3.0,3.0,4.0,3.0,3.0,2.0,2.0,2.0,4.0,4.0,3.0,2.0,3.0,1.0,3.0,3.0,3.0,4.0,3.0,4.0,3.0,1.0,2.0,3.0,2.0
393,3.0,2.0,5.0,3.0,4.0,1.0,4.0,3.0,5.0,3.0,5.0,4.0,5.0,1.0,5.0,5.0,2.0,1.0,4.0,1.0,3.0,3.0,2.0,4.0,2.0,4.0,1.0,2.0,5.0,3.0,3.0
398,3.0,1.0,3.0,2.0,5.0,2.0,3.0,2.0,3.0,5.0,4.0,3.0,4.0,1.0,5.0,5.0,3.0,1.0,4.0,1.0,2.0,1.0,2.0,5.0,2.0,3.0,1.0,1.0,3.0,2.0,1.0
406,3.0,3.0,4.0,3.0,4.0,3.0,3.0,4.0,5.0,3.0,4.0,1.0,3.0,1.0,4.0,4.0,3.0,3.0,3.0,2.0,2.0,2.0,3.0,4.0,1.0,3.0,4.0,2.0,1.0,3.0,3.0
407,3.0,1.0,5.0,4.0,5.0,1.0,4.0,3.0,5.0,5.0,3.0,1.0,5.0,1.0,5.0,5.0,5.0,4.0,5.0,1.0,3.0,4.0,4.0,5.0,5.0,3.0,4.0,4.0,3.0,1.0,1.0
408,3.0,2.0,5.0,3.0,5.0,3.0,4.0,4.0,5.0,2.0,3.0,3.0,2.0,1.0,5.0,5.0,3.0,2.0,3.0,3.0,3.0,3.0,3.0,3.0,2.0,3.0,5.0,2.0,3.0,4.0,2.0
410,2.0,3.0,2.0,1.0,5.0,5.0,5.0,1.0,2.0,1.0,4.0,2.0,2.0,1.0,5.0,5.0,5.0,1.0,4.0,3.0,2.0,4.0,4.0,5.0,3.0,4.0,3.0,4.0,3.0,2.0,5.0
412,3.0,1.0,5.0,3.0,4.0,2.0,3.0,2.0,5.0,2.0,4.0,1.0,5.0,1.0,5.0,5.0,4.0,2.0,5.0,1.0,2.0,5.0,3.0,5.0,2.0,3.0,4.0,2.0,3.0,3.0,1.0
415,2.0,4.0,4.0,5.0,4.0,2.0,4.0,4.0,4.0,3.0,3.0,4.0,2.0,2.0,5.0,5.0,3.0,2.0,5.0,1.0,2.0,3.0,4.0,4.0,3.0,3.0,3.0,2.0,3.0,2.0,1.0
416,1.0,3.0,5.0,1.0,5.0,1.0,3.0,4.0,5.0,1.0,4.0,5.0,3.0,1.0,5.0,5.0,1.0,1.0,5.0,2.0,2.0,5.0,5.0,4.0,1.0,3.0,1.0,3.0,5.0,3.0,1.0
417,1.0,1.0,4.0,4.0,4.0,1.0,5.0,2.0,3.0,1.0,3.0,3.0,3.0,2.0,5.0,4.0,2.0,1.0,4.0,2.0,2.0,3.0,2.0,5.0,2.0,2.0,2.0,4.0,3.0,3.0,1.0
419,2.0,2.0,3.0,2.0,5.0,2.0,4.0,3.0,3.0,4.0,1.0,1.0,4.0,1.0,5.0,5.0,3.0,2.0,5.0,1.0,2.0,1.0,2.0,4.0,3.0,1.0,1.0,1.0,5.0,1.0,1.0
425,2.0,1.0,5.0,2.0,5.0,3.0,5.0,4.0,5.0,3.0,5.0,1.0,2.0,1.0,5.0,5.0,2.0,1.0,3.0,1.0,3.0,4.0,1.0,5.0,2.0,5.0,4.0,5.0,2.0,5.0,3.0
429,3.0,1.0,5.0,4.0,4.0,2.0,5.0,3.0,5.0,3.0,3.0,1.0,2.0,2.0,5.0,5.0,5.0,3.0,5.0,4.0,2.0,3.0,2.0,5.0,3.0,3.0,2.0,3.0,3.0,1.0,1.0
437,4.0,2.0,4.0,2.0,5.0,2.0,2.0,2.0,4.0,2.0,2.0,3.0,4.0,2.0,4.0,4.0,1.0,2.0,4.0,2.0,3.0,4.0,3.0,4.0,4.0,3.0,2.0,3.0,3.0,3.0,2.0
441,2.0,3.0,2.0,4.0,5.0,2.0,4.0,3.0,3.0,1.0,3.0,3.0,3.0,1.0,5.0,5.0,3.0,1.0,4.0,1.0,3.0,4.0,4.0,4.0,2.0,3.0,3.0,4.0,3.0,3.0,2.0
442,3.0,1.0,5.0,2.0,5.0,1.0,3.0,4.0,5.0,2.0,1.0,1.0,5.0,1.0,5.0,5.0,2.0,1.0,5.0,3.0,1.0,4.0,1.0,5.0,2.0,1.0,1.0,1.0,2.0,1.0,1.0
446,3.0,2.0,5.0,2.0,5.0,2.0,4.0,3.0,5.0,2.0,4.0,1.0,5.0,1.0,5.0,5.0,3.0,1.0,5.0,1.0,2.0,3.0,2.0,5.0,3.0,3.0,3.0,1.0,2.0,1.0,1.0
448,1.0,1.0,3.0,3.0,4.0,3.0,1.0,5.0,3.0,3.0,1.0,2.0,1.0,1.0,4.0,3.0,4.0,2.0,1.0,1.0,1.0,1.0,1.0,4.0,1.0,2.0,1.0,1.0,2.0,1.0,1.0
449,2.0,3.0,4.0,2.0,5.0,2.0,4.0,3.0,4.0,2.0,4.0,3.0,2.0,1.0,5.0,5.0,2.0,2.0,4.0,1.0,1.0,4.0,4.0,4.0,3.0,3.0,2.0,3.0,4.0,3.0,2.0
450,2.0,2.0,5.0,2.0,5.0,1.0,3.0,4.0,5.0,3.0,2.0,5.0,5.0,2.0,5.0,5.0,5.0,1.0,3.0,2.0,3.0,4.0,5.0,4.0,2.0,3.0,3.0,1.0,5.0,1.0,1.0
451,5.0,1.0,5.0,5.0,5.0,1.0,4.0,5.0,5.0,3.0,2.0,4.0,3.0,1.0,5.0,5.0,3.0,4.0,5.0,1.0,2.0,3.0,1.0,3.0,5.0,4.0,1.0,1.0,5.0,3.0,1.0
453,1.0,3.0,2.0,1.0,5.0,1.0,4.0,3.0,5.0,1.0,3.0,3.0,1.0,3.0,5.0,5.0,1.0,1.0,5.0,3.0,3.0,3.0,4.0,5.0,1.0,3.0,2.0,3.0,5.0,1.0,1.0
454,2.0,2.0,5.0,1.0,5.0,1.0,2.0,4.0,5.0,2.0,2.0,5.0,5.0,2.0,5.0,5.0,5.0,1.0,3.0,2.0,3.0,4.0,5.0,4.0,2.0,4.0,3.0,1.0,5.0,1.0,1.0
456,5.0,2.0,4.0,2.0,5.0,1.0,4.0,3.0,5.0,2.0,3.0,1.0,2.0,2.0,5.0,5.0,3.0,2.0,5.0,5.0,3.0,5.0,3.0,5.0,1.0,3.0,2.0,4.0,3.0,1.0,1.0
459,1.0,5.0,1.0,5.0,5.0,5.0,5.0,5.0,5.0,5.0,5.0,1.0,5.0,1.0,1.0,5.0,5.0,5.0,5.0,1.0,1.0,1.0,5.0,5.0,5.0,3.0,1.0,5.0,1.0,1.0,1.0
464,2.0,5.0,5.0,3.0,4.0,1.0,3.0,2.0,4.0,1.0,3.0,1.0,5.0,1.0,5.0,5.0,3.0,1.0,5.0,1.0,3.0,3.0,1.0,5.0,1.0,3.0,1.0,1.0,1.0,1.0,1.0
465,1.0,2.0,3.0,3.0,4.0,3.0,4.0,2.0,3.0,3.0,2.0,1.0,5.0,1.0,3.0,5.0,2.0,2.0,3.0,4.0,3.0,4.0,4.0,5.0,1.0,4.0,2.0,3.0,4.0,3.0,2.0
468,4.0,2.0,3.0,3.0,5.0,2.0,4.0,2.0,3.0,3.0,4.0,2.0,2.0,2.0,5.0,4.0,2.0,1.0,3.0,1.0,2.0,2.0,2.0,4.0,2.0,2.0,1.0,2.0,2.0,1.0,1.0
471,3.0,1.0,3.0,2.0,5.0,1.0,4.0,2.0,3.0,3.0,3.0,5.0,3.0,1.0,4.0,4.0,3.0,3.0,5.0,1.0,3.0,2.0,3.0,5.0,2.0,3.0,2.0,1.0,5.0,1.0,1.0
484,2.0,1.0,5.0,5.0,5.0,1.0,3.0,3.0,5.0,2.0,3.0,1.0,5.0,3.0,5.0,5.0,3.0,1.0,4.0,5.0,2.0,5.0,3.0,5.0,2.0,4.0,4.0,1.0,3.0,1.0,1.0
487,1.0,3.0,2.0,2.0,5.0,2.0,4.0,4.0,4.0,2.0,3.0,2.0,3.0,1.0,5.0,3.0,1.0,1.0,4.0,1.0,2.0,2.0,3.0,4.0,3.0,3.0,3.0,2.0,5.0,3.0,2.0
491,1.0,1.0,4.0,2.0,5.0,2.0,3.0,1.0,5.0,2.0,5.0,2.0,5.0,1.0,1.0,4.0,3.0,2.0,3.0,1.0,1.0,2.0,2.0,5.0,1.0,3.0,1.0,4.0,2.0,1.0,1.0
492,4.0,1.0,4.0,2.0,5.0,2.0,3.0,4.0,4.0,2.0,3.0,4.0,5.0,2.0,5.0,5.0,2.0,2.0,4.0,3.0,2.0,4.0,3.0,4.0,4.0,3.0,2.0,1.0,4.0,2.0,1.0
504,2.0,1.0,5.0,5.0,5.0,1.0,2.0,5.0,5.0,2.0,1.0,2.0,4.0,1.0,5.0,5.0,5.0,4.0,4.0,1.0,1.0,4.0,2.0,5.0,5.0,3.0,1.0,5.0,1.0,3.0,4.0
510,5.0,3.0,5.0,3.0,5.0,2.0,4.0,4.0,5.0,5.0,4.0,3.0,3.0,1.0,4.0,4.0,4.0,1.0,4.0,1.0,3.0,1.0,1.0,4.0,3.0,5.0,3.0,4.0,2.0,1.0,3.0
512,4.0,3.0,4.0,3.0,5.0,2.0,3.0,3.0,4.0,1.0,4.0,3.0,2.0,1.0,5.0,5.0,2.0,1.0,3.0,1.0,4.0,3.0,3.0,4.0,4.0,3.0,4.0,1.0,3.0,2.0,3.0
513,3.0,3.0,1.0,2.0,5.0,1.0,2.0,1.0,3.0,4.0,1.0,1.0,3.0,1.0,4.0,5.0,1.0,2.0,1.0,1.0,1.0,1.0,1.0,5.0,5.0,1.0,2.0,4.0,2.0,1.0,1.0
518,3.0,3.0,5.0,4.0,3.0,1.0,3.0,4.0,4.0,1.0,4.0,4.0,4.0,3.0,5.0,5.0,4.0,4.0,4.0,3.0,3.0,4.0,1.0,2.0,1.0,3.0,1.0,4.0,5.0,1.0,2.0
519,4.0,2.0,5.0,3.0,5.0,2.0,4.0,5.0,5.0,2.0,4.0,1.0,5.0,1.0,4.0,5.0,2.0,4.0,5.0,2.0,3.0,4.0,2.0,3.0,3.0,4.0,3.0,4.0,2.0,2.0,1.0
521,3.0,2.0,3.0,2.0,5.0,2.0,3.0,4.0,3.0,1.0,4.0,2.0,4.0,1.0,5.0,5.0,2.0,1.0,4.0,1.0,4.0,2.0,2.0,5.0,3.0,3.0,2.0,2.0,3.0,2.0,2.0
522,1.0,2.0,5.0,5.0,5.0,1.0,5.0,4.0,5.0,5.0,3.0,3.0,5.0,2.0,5.0,5.0,4.0,3.0,5.0,2.0,3.0,3.0,4.0,4.0,1.0,3.0,4.0,3.0,5.0,1.0,1.0
523,4.0,3.0,4.0,3.0,5.0,2.0,4.0,3.0,4.0,2.0,3.0,1.0,4.0,1.0,5.0,5.0,3.0,3.0,4.0,2.0,3.0,3.0,3.0,4.0,3.0,3.0,3.0,4.0,2.0,3.0,2.0
531,5.0,4.0,1.0,3.0,5.0,2.0,3.0,5.0,3.0,5.0,1.0,1.0,3.0,1.0,4.0,5.0,3.0,1.0,5.0,1.0,1.0,2.0,1.0,3.0,3.0,3.0,1.0,1.0,1.0,1.0,1.0
533,3.0,3.0,5.0,3.0,5.0,1.0,4.0,5.0,5.0,2.0,2.0,4.0,4.0,2.0,5.0,5.0,3.0,2.0,4.0,1.0,4.0,4.0,3.0,4.0,2.0,3.0,5.0,4.0,3.0,2.0,1.0
542,4.0,2.0,5.0,2.0,5.0,2.0,3.0,3.0,5.0,2.0,4.0,3.0,3.0,2.0,5.0,5.0,3.0,1.0,3.0,2.0,3.0,2.0,2.0,5.0,3.0,4.0,2.0,1.0,3.0,2.0,2.0
550,4.0,2.0,5.0,2.0,5.0,2.0,5.0,4.0,5.0,1.0,5.0,2.0,4.0,1.0,4.0,5.0,3.0,2.0,5.0,1.0,3.0,3.0,1.0,2.0,1.0,4.0,3.0,4.0,2.0,3.0,1.0
552,4.0,1.0,5.0,2.0,5.0,3.0,3.0,4.0,5.0,3.0,1.0,1.0,2.0,1.0,3.0,5.0,2.0,2.0,4.0,1.0,1.0,2.0,1.0,4.0,3.0,4.0,1.0,1.0,2.0,4.0,1.0
554,4.0,3.0,3.0,2.0,5.0,2.0,4.0,2.0,4.0,4.0,3.0,2.0,2.0,1.0,4.0,3.0,2.0,2.0,3.0,1.0,1.0,2.0,1.0,5.0,3.0,3.0,1.0,3.0,2.0,2.0,3.0
555,4.0,2.0,2.0,3.0,4.0,2.0,3.0,4.0,3.0,4.0,3.0,1.0,3.0,2.0,4.0,4.0,4.0,1.0,3.0,2.0,1.0,3.0,3.0,4.0,2.0,3.0,2.0,3.0,2.0,3.0,2.0
556,5.0,2.0,2.0,1.0,5.0,1.0,5.0,4.0,4.0,3.0,4.0,2.0,4.0,1.0,4.0,5.0,2.0,1.0,5.0,2.0,5.0,1.0,1.0,5.0,1.0,5.0,3.0,2.0,4.0,2.0,2.0
557,2.0,1.0,1.0,3.0,4.0,1.0,3.0,2.0,3.0,1.0,4.0,3.0,1.0,1.0,5.0,5.0,3.0,1.0,4.0,1.0,1.0,1.0,3.0,4.0,2.0,3.0,1.0,2.0,2.0,2.0,1.0
559,2.0,2.0,5.0,2.0,5.0,2.0,3.0,3.0,5.0,1.0,1.0,1.0,5.0,1.0,3.0,5.0,4.0,2.0,4.0,1.0,2.0,2.0,3.0,4.0,2.0,2.0,2.0,2.0,2.0,2.0,1.0
560,2.0,1.0,3.0,1.0,5.0,2.0,5.0,1.0,3.0,2.0,5.0,4.0,1.0,2.0,5.0,5.0,2.0,1.0,2.0,1.0,3.0,4.0,2.0,5.0,2.0,3.0,1.0,1.0,5.0,1.0,1.0
566,5.0,2.0,5.0,2.0,5.0,2.0,5.0,3.0,5.0,2.0,2.0,3.0,2.0,1.0,5.0,5.0,3.0,3.0,4.0,2.0,2.0,2.0,2.0,5.0,5.0,3.0,2.0,3.0,5.0,3.0,2.0
567,5.0,1.0,3.0,2.0,5.0,2.0,3.0,2.0,3.0,2.0,4.0,1.0,3.0,1.0,5.0,5.0,3.0,1.0,2.0,1.0,3.0,2.0,2.0,5.0,2.0,3.0,1.0,2.0,2.0,4.0,3.0
569,3.0,3.0,4.0,2.0,5.0,1.0,5.0,5.0,2.0,2.0,3.0,2.0,3.0,1.0,5.0,5.0,1.0,1.0,5.0,1.0,1.0,3.0,1.0,5.0,1.0,4.0,1.0,3.0,3.0,1.0,1.0
570,3.0,3.0,4.0,3.0,5.0,2.0,4.0,4.0,4.0,4.0,2.0,2.0,3.0,2.0,5.0,5.0,2.0,1.0,3.0,2.0,3.0,3.0,2.0,5.0,4.0,3.0,1.0,2.0,2.0,3.0,2.0
573,3.0,1.0,2.0,4.0,5.0,1.0,3.0,3.0,3.0,1.0,2.0,1.0,1.0,3.0,4.0,5.0,3.0,2.0,3.0,1.0,2.0,3.0,2.0,4.0,1.0,3.0,1.0,1.0,3.0,1.0,1.0
575,3.0,2.0,5.0,1.0,5.0,1.0,5.0,3.0,5.0,3.0,3.0,1.0,2.0,1.0,5.0,5.0,3.0,1.0,3.0,1.0,2.0,3.0,1.0,5.0,1.0,5.0,1.0,5.0,3.0,1.0,1.0
578,2.0,1.0,3.0,2.0,4.0,1.0,4.0,2.0,2.0,2.0,1.0,4.0,2.0,1.0,5.0,5.0,5.0,1.0,3.0,1.0,1.0,3.0,1.0,5.0,4.0,4.0,1.0,2.0,4.0,2.0,1.0
579,5.0,3.0,5.0,2.0,5.0,3.0,3.0,2.0,5.0,2.0,4.0,3.0,4.0,1.0,5.0,5.0,4.0,2.0,5.0,1.0,3.0,2.0,4.0,5.0,5.0,3.0,2.0,1.0,3.0,2.0,2.0
585,4.0,1.0,5.0,2.0,5.0,3.0,4.0,4.0,5.0,3.0,2.0,1.0,4.0,1.0,4.0,5.0,2.0,2.0,5.0,1.0,3.0,3.0,3.0,5.0,3.0,3.0,3.0,4.0,4.0,3.0,1.0
589,3.0,1.0,5.0,2.0,5.0,1.0,4.0,3.0,5.0,1.0,4.0,3.0,5.0,1.0,5.0,5.0,5.0,2.0,2.0,1.0,1.0,1.0,2.0,5.0,2.0,3.0,1.0,1.0,3.0,2.0,1.0
592,4.0,2.0,4.0,1.0,5.0,2.0,3.0,5.0,3.0,3.0,4.0,1.0,5.0,1.0,3.0,4.0,5.0,2.0,4.0,1.0,2.0,1.0,2.0,2.0,4.0,3.0,4.0,1.0,1.0,2.0,2.0
593,1.0,2.0,1.0,3.0,5.0,1.0,3.0,3.0,5.0,3.0,4.0,1.0,5.0,1.0,4.0,5.0,3.0,1.0,4.0,1.0,2.0,1.0,2.0,5.0,3.0,3.0,2.0,4.0,4.0,3.0,1.0
599,4.0,2.0,4.0,2.0,5.0,3.0,4.0,2.0,5.0,2.0,4.0,3.0,5.0,2.0,5.0,4.0,1.0,2.0,3.0,4.0,3.0,4.0,3.0,4.0,3.0,3.0,3.0,3.0,4.0,1.0,3.0
604,3.0,4.0,4.0,3.0,5.0,2.0,3.0,4.0,4.0,2.0,5.0,2.0,4.0,2.0,5.0,5.0,4.0,2.0,4.0,2.0,3.0,4.0,2.0,4.0,2.0,4.0,4.0,4.0,2.0,2.0,2.0
608,5.0,1.0,4.0,3.0,5.0,3.0,3.0,4.0,3.0,1.0,1.0,1.0,4.0,3.0,4.0,3.0,3.0,2.0,4.0,3.0,3.0,3.0,4.0,3.0,1.0,3.0,3.0,1.0,5.0,2.0,1.0
614,3.0,4.0,5.0,2.0,4.0,2.0,3.0,2.0,4.0,2.0,5.0,4.0,4.0,3.0,5.0,5.0,1.0,1.0,3.0,1.0,2.0,4.0,3.0,3.0,2.0,2.0,4.0,3.0,2.0,3.0,1.0
615,4.0,1.0,5.0,3.0,5.0,1.0,4.0,4.0,5.0,1.0,1.0,1.0,2.0,1.0,5.0,5.0,2.0,1.0,4.0,1.0,4.0,4.0,3.0,5.0,4.0,3.0,5.0,5.0,3.0,1.0,1.0
625,3.0,1.0,4.0,1.0,5.0,2.0,3.0,3.0,4.0,1.0,4.0,4.0,2.0,2.0,5.0,5.0,2.0,1.0,5.0,1.0,2.0,5.0,4.0,5.0,3.0,2.0,2.0,1.0,3.0,1.0,1.0
626,4.0,3.0,5.0,3.0,5.0,2.0,5.0,3.0,5.0,3.0,4.0,2.0,5.0,1.0,5.0,5.0,3.0,1.0,5.0,3.0,1.0,2.0,4.0,5.0,3.0,4.0,2.0,2.0,3.0,1.0,1.0
627,2.0,2.0,5.0,1.0,4.0,2.0,4.0,3.0,5.0,2.0,4.0,4.0,3.0,2.0,5.0,5.0,1.0,2.0,3.0,1.0,4.0,3.0,2.0,4.0,2.0,3.0,4.0,4.0,4.0,5.0,1.0
628,2.0,4.0,4.0,1.0,5.0,3.0,4.0,1.0,4.0,4.0,1.0,3.0,3.0,1.0,5.0,5.0,4.0,1.0,2.0,1.0,2.0,1.0,3.0,5.0,2.0,5.0,3.0,2.0,2.0,1.0,3.0
630,3.0,2.0,5.0,2.0,5.0,2.0,5.0,2.0,5.0,3.0,5.0,4.0,5.0,1.0,5.0,5.0,2.0,2.0,4.0,1.0,3.0,4.0,2.0,4.0,1.0,3.0,2.0,3.0,4.0,3.0,1.0
631,1.0,2.0,5.0,2.0,5.0,3.0,4.0,5.0,5.0,1.0,4.0,3.0,5.0,3.0,4.0,5.0,3.0,1.0,5.0,2.0,5.0,4.0,4.0,5.0,1.0,5.0,4.0,5.0,1.0,1.0,1.0
632,4.0,3.0,5.0,4.0,5.0,1.0,5.0,3.0,5.0,2.0,2.0,1.0,5.0,3.0,5.0,5.0,5.0,3.0,4.0,2.0,2.0,5.0,2.0,5.0,3.0,3.0,3.0,3.0,4.0,3.0,2.0
634,5.0,1.0,4.0,1.0,5.0,3.0,3.0,3.0,4.0,5.0,2.0,1.0,3.0,1.0,5.0,5.0,1.0,1.0,4.0,1.0,3.0,3.0,2.0,3.0,3.0,4.0,3.0,1.0,1.0,2.0,3.0
635,2.0,4.0,4.0,4.0,4.0,2.0,3.0,3.0,5.0,4.0,4.0,1.0,3.0,2.0,4.0,5.0,4.0,3.0,4.0,2.0,3.0,3.0,3.0,5.0,2.0,3.0,4.0,2.0,2.0,3.0,1.0
636,1.0,1.0,3.0,3.0,3.0,2.0,4.0,3.0,2.0,4.0,2.0,1.0,4.0,1.0,4.0,4.0,4.0,2.0,4.0,1.0,4.0,4.0,4.0,3.0,2.0,2.0,4.0,1.0,4.0,1.0,1.0
644,4.0,1.0,5.0,3.0,5.0,1.0,4.0,5.0,3.0,2.0,4.0,1.0,5.0,1.0,5.0,5.0,3.0,4.0,4.0,1.0,1.0,5.0,4.0,5.0,4.0,3.0,3.0,2.0,2.0,2.0,1.0
645,5.0,1.0,5.0,2.0,5.0,2.0,3.0,5.0,5.0,3.0,4.0,2.0,3.0,2.0,5.0,4.0,2.0,2.0,5.0,2.0,4.0,4.0,2.0,5.0,2.0,5.0,2.0,1.0,2.0,5.0,3.0
648,5.0,3.0,5.0,5.0,5.0,3.0,3.0,3.0,5.0,1.0,5.0,1.0,5.0,1.0,5.0,5.0,4.0,1.0,5.0,1.0,2.0,3.0,5.0,5.0,3.0,3.0,4.0,1.0,3.0,4.0,1.0
649,3.0,1.0,3.0,2.0,5.0,2.0,5.0,3.0,4.0,5.0,3.0,3.0,5.0,1.0,5.0,5.0,5.0,2.0,4.0,1.0,2.0,3.0,4.0,5.0,4.0,4.0,2.0,2.0,3.0,4.0,1.0
650,2.0,3.0,4.0,2.0,5.0,2.0,5.0,4.0,3.0,2.0,4.0,4.0,3.0,3.0,5.0,5.0,2.0,2.0,3.0,3.0,4.0,3.0,4.0,4.0,3.0,3.0,4.0,2.0,3.0,2.0,2.0
658,3.0,2.0,5.0,1.0,5.0,1.0,4.0,4.0,5.0,1.0,4.0,1.0,2.0,1.0,5.0,5.0,3.0,1.0,5.0,2.0,2.0,3.0,2.0,5.0,2.0,3.0,1.0,1.0,2.0,1.0,1.0
659,3.0,3.0,5.0,3.0,5.0,2.0,5.0,5.0,5.0,2.0,5.0,2.0,2.0,2.0,5.0,5.0,2.0,1.0,2.0,1.0,2.0,2.0,2.0,2.0,4.0,3.0,3.0,4.0,2.0,1.0,3.0
674,1.0,3.0,3.0,3.0,4.0,1.0,2.0,3.0,3.0,2.0,3.0,3.0,4.0,2.0,4.0,4.0,4.0,4.0,5.0,1.0,2.0,4.0,4.0,4.0,1.0,3.0,4.0,1.0,3.0,2.0,2.0
676,3.0,1.0,5.0,3.0,5.0,3.0,3.0,1.0,5.0,3.0,2.0,2.0,3.0,2.0,5.0,5.0,5.0,2.0,5.0,1.0,2.0,4.0,3.0,5.0,2.0,3.0,2.0,3.0,3.0,5.0,1.0
685,2.0,2.0,3.0,2.0,5.0,1.0,5.0,1.0,5.0,1.0,4.0,2.0,4.0,1.0,5.0,5.0,3.0,1.0,5.0,2.0,2.0,4.0,3.0,4.0,2.0,5.0,2.0,1.0,4.0,1.0,1.0
689,1.0,1.0,5.0,3.0,5.0,1.0,4.0,3.0,5.0,3.0,3.0,3.0,4.0,1.0,5.0,5.0,4.0,1.0,4.0,5.0,1.0,5.0,2.0,5.0,1.0,4.0,1.0,1.0,5.0,3.0,1.0
696,5.0,4.0,5.0,3.0,5.0,2.0,4.0,3.0,5.0,2.0,5.0,1.0,4.0,2.0,4.0,5.0,5.0,4.0,5.0,2.0,3.0,4.0,4.0,5.0,3.0,4.0,4.0,3.0,1.0,2.0,1.0
697,2.0,1.0,3.0,1.0,5.0,3.0,3.0,5.0,5.0,5.0,3.0,1.0,3.0,1.0,5.0,5.0,5.0,1.0,5.0,1.0,1.0,3.0,3.0,5.0,3.0,3.0,3.0,3.0,3.0,1.0,1.0
699,4.0,2.0,3.0,3.0,5.0,1.0,5.0,2.0,4.0,4.0,5.0,1.0,5.0,1.0,5.0,5.0,3.0,2.0,5.0,1.0,5.0,3.0,2.0,5.0,1.0,5.0,3.0,2.0,1.0,2.0,1.0
700,1.0,1.0,5.0,2.0,5.0,1.0,4.0,2.0,4.0,3.0,3.0,2.0,5.0,1.0,5.0,5.0,3.0,1.0,5.0,2.0,3.0,3.0,2.0,3.0,1.0,3.0,2.0,2.0,1.0,2.0,1.0
701,5.0,1.0,5.0,1.0,2.0,2.0,3.0,4.0,5.0,3.0,4.0,3.0,4.0,2.0,5.0,5.0,1.0,1.0,1.0,1.0,2.0,4.0,2.0,5.0,1.0,3.0,1.0,1.0,3.0,4.0,1.0
705,3.0,3.0,4.0,2.0,5.0,1.0,4.0,3.0,5.0,2.0,4.0,1.0,5.0,1.0,5.0,5.0,4.0,1.0,5.0,2.0,5.0,5.0,4.0,5.0,2.0,3.0,2.0,2.0,3.0,2.0,1.0
712,3.0,1.0,4.0,2.0,2.0,4.0,3.0,5.0,4.0,3.0,2.0,1.0,4.0,2.0,3.0,4.0,2.0,1.0,4.0,3.0,4.0,4.0,4.0,4.0,2.0,3.0,2.0,1.0,2.0,1.0,3.0
713,5.0,2.0,5.0,2.0,5.0,2.0,2.0,2.0,4.0,2.0,1.0,4.0,4.0,1.0,5.0,5.0,4.0,3.0,4.0,1.0,1.0,3.0,2.0,5.0,4.0,3.0,3.0,1.0,4.0,1.0,1.0
715,2.0,3.0,5.0,1.0,5.0,3.0,5.0,4.0,5.0,3.0,4.0,2.0,3.0,1.0,5.0,5.0,3.0,1.0,3.0,1.0,5.0,5.0,3.0,4.0,3.0,3.0,1.0,3.0,3.0,3.0,1.0
724,2.0,2.0,5.0,3.0,5.0,3.0,4.0,4.0,5.0,2.0,2.0,1.0,2.0,1.0,5.0,5.0,4.0,2.0,5.0,1.0,1.0,4.0,3.0,5.0,3.0,3.0,4.0,1.0,4.0,3.0,2.0
725,3.0,2.0,4.0,2.0,5.0,3.0,5.0,3.0,4.0,3.0,3.0,3.0,5.0,2.0,5.0,4.0,5.0,3.0,5.0,2.0,3.0,3.0,4.0,5.0,3.0,3.0,3.0,2.0,4.0,2.0,2.0
753,2.0,2.0,3.0,3.0,4.0,1.0,5.0,2.0,3.0,2.0,4.0,1.0,5.0,1.0,4.0,5.0,4.0,2.0,5.0,3.0,2.0,3.0,2.0,5.0,1.0,4.0,4.0,4.0,2.0,4.0,1.0
765,3.0,2.0,4.0,3.0,5.0,2.0,3.0,4.0,4.0,1.0,2.0,1.0,4.0,1.0,5.0,5.0,4.0,3.0,5.0,2.0,2.0,3.0,3.0,4.0,2.0,2.0,3.0,1.0,2.0,3.0,1.0
773,3.0,2.0,3.0,4.0,5.0,2.0,3.0,2.0,4.0,1.0,4.0,3.0,4.0,1.0,5.0,5.0,3.0,2.0,4.0,1.0,1.0,2.0,4.0,4.0,4.0,4.0,1.0,1.0,3.0,3.0,1.0
776,3.0,4.0,5.0,4.0,5.0,1.0,2.0,5.0,4.0,1.0,4.0,2.0,4.0,1.0,5.0,5.0,3.0,4.0,3.0,2.0,2.0,4.0,3.0,5.0,3.0,3.0,2.0,5.0,3.0,1.0,2.0
778,4.0,3.0,4.0,3.0,4.0,2.0,3.0,1.0,4.0,1.0,5.0,3.0,3.0,1.0,5.0,5.0,2.0,2.0,5.0,1.0,3.0,3.0,3.0,4.0,4.0,5.0,3.0,3.0,3.0,3.0,2.0
779,2.0,1.0,3.0,1.0,5.0,1.0,2.0,2.0,4.0,1.0,3.0,3.0,1.0,1.0,5.0,5.0,3.0,1.0,5.0,1.0,2.0,2.0,2.0,5.0,1.0,3.0,1.0,1.0,3.0,1.0,1.0
781,4.0,2.0,4.0,2.0,5.0,2.0,3.0,5.0,3.0,1.0,3.0,3.0,4.0,1.0,5.0,5.0,3.0,2.0,4.0,2.0,3.0,4.0,3.0,5.0,3.0,3.0,3.0,4.0,4.0,3.0,3.0
782,2.0,1.0,5.0,3.0,4.0,2.0,4.0,5.0,5.0,1.0,1.0,4.0,3.0,1.0,4.0,4.0,2.0,3.0,3.0,1.0,1.0,3.0,4.0,3.0,2.0,2.0,4.0,2.0,2.0,1.0,1.0
785,4.0,2.0,5.0,4.0,5.0,1.0,4.0,3.0,4.0,3.0,3.0,1.0,3.0,1.0,5.0,4.0,4.0,3.0,4.0,1.0,3.0,3.0,2.0,4.0,3.0,3.0,5.0,4.0,4.0,2.0,1.0
788,4.0,3.0,5.0,2.0,5.0,1.0,2.0,3.0,5.0,2.0,5.0,3.0,3.0,2.0,5.0,5.0,4.0,1.0,5.0,1.0,3.0,2.0,3.0,4.0,3.0,3.0,2.0,3.0,3.0,5.0,2.0
789,4.0,4.0,4.0,3.0,4.0,2.0,2.0,2.0,4.0,1.0,4.0,1.0,3.0,2.0,4.0,5.0,3.0,2.0,4.0,3.0,4.0,3.0,2.0,3.0,2.0,3.0,2.0,1.0,3.0,3.0,1.0
790,3.0,3.0,4.0,5.0,5.0,3.0,4.0,3.0,5.0,3.0,4.0,4.0,3.0,1.0,5.0,5.0,3.0,4.0,5.0,2.0,1.0,4.0,1.0,3.0,5.0,5.0,1.0,4.0,4.0,1.0,1.0
792,3.0,4.0,4.0,3.0,3.0,1.0,3.0,5.0,4.0,1.0,4.0,2.0,3.0,1.0,5.0,5.0,1.0,2.0,3.0,1.0,3.0,2.0,3.0,2.0,3.0,3.0,5.0,3.0,2.0,1.0,1.0
818,3.0,1.0,5.0,1.0,4.0,1.0,1.0,1.0,4.0,1.0,5.0,3.0,1.0,2.0,3.0,3.0,2.0,2.0,5.0,2.0,4.0,5.0,5.0,5.0,3.0,4.0,4.0,1.0,2.0,3.0,4.0
820,2.0,2.0,2.0,2.0,4.0,2.0,3.0,5.0,3.0,1.0,3.0,1.0,5.0,1.0,4.0,5.0,1.0,1.0,4.0,2.0,2.0,2.0,1.0,2.0,2.0,5.0,1.0,2.0,1.0,2.0,1.0
823,3.0,3.0,4.0,2.0,4.0,1.0,3.0,2.0,3.0,1.0,5.0,2.0,4.0,1.0,3.0,5.0,3.0,2.0,5.0,3.0,4.0,4.0,3.0,2.0,3.0,4.0,3.0,1.0,2.0,3.0,2.0
831,2.0,3.0,2.0,3.0,5.0,1.0,4.0,5.0,2.0,2.0,5.0,3.0,5.0,1.0,5.0,5.0,2.0,3.0,4.0,1.0,4.0,3.0,3.0,5.0,5.0,3.0,4.0,2.0,2.0,2.0,1.0
839,4.0,4.0,5.0,1.0,5.0,1.0,4.0,2.0,4.0,1.0,4.0,5.0,4.0,1.0,5.0,5.0,2.0,1.0,5.0,1.0,5.0,4.0,4.0,3.0,2.0,5.0,3.0,2.0,4.0,1.0,1.0
840,2.0,4.0,5.0,2.0,4.0,1.0,4.0,2.0,5.0,2.0,3.0,4.0,4.0,1.0,5.0,4.0,4.0,2.0,4.0,2.0,3.0,3.0,4.0,4.0,3.0,3.0,3.0,1.0,3.0,2.0,2.0
841,3.0,2.0,3.0,1.0,4.0,3.0,2.0,2.0,4.0,3.0,4.0,4.0,4.0,1.0,4.0,5.0,4.0,2.0,5.0,1.0,3.0,5.0,2.0,3.0,1.0,4.0,3.0,1.0,5.0,2.0,1.0
844,3.0,1.0,4.0,3.0,5.0,3.0,4.0,5.0,4.0,2.0,5.0,2.0,3.0,2.0,5.0,5.0,3.0,2.0,4.0,2.0,3.0,4.0,2.0,3.0,2.0,4.0,2.0,3.0,3.0,5.0,2.0
846,2.0,1.0,5.0,1.0,5.0,1.0,3.0,3.0,5.0,1.0,4.0,2.0,3.0,1.0,5.0,4.0,3.0,1.0,5.0,1.0,2.0,1.0,1.0,5.0,4.0,4.0,2.0,1.0,2.0,4.0,1.0
847,3.0,2.0,4.0,3.0,5.0,2.0,5.0,4.0,2.0,2.0,4.0,3.0,3.0,1.0,5.0,5.0,3.0,3.0,4.0,1.0,2.0,2.0,2.0,5.0,5.0,3.0,4.0,5.0,3.0,2.0,2.0
851,4.0,1.0,5.0,3.0,5.0,2.0,4.0,5.0,5.0,1.0,4.0,1.0,1.0,1.0,5.0,4.0,4.0,1.0,4.0,1.0,4.0,2.0,3.0,2.0,3.0,3.0,3.0,1.0,4.0,1.0,1.0
854,3.0,2.0,3.0,3.0,5.0,2.0,4.0,4.0,5.0,4.0,2.0,3.0,3.0,1.0,5.0,5.0,4.0,4.0,3.0,1.0,3.0,3.0,2.0,5.0,3.0,3.0,2.0,1.0,3.0,3.0,4.0
868,4.0,3.0,4.0,2.0,5.0,4.0,4.0,4.0,3.0,2.0,1.0,1.0,4.0,1.0,5.0,5.0,3.0,1.0,4.0,1.0,3.0,3.0,3.0,3.0,2.0,3.0,1.0,1.0,2.0,2.0,2.0
869,4.0,1.0,4.0,2.0,5.0,3.0,3.0,1.0,3.0,4.0,5.0,3.0,3.0,3.0,4.0,5.0,4.0,2.0,4.0,2.0,2.0,4.0,3.0,5.0,2.0,4.0,2.0,2.0,2.0,3.0,2.0
871,2.0,2.0,4.0,2.0,4.0,1.0,4.0,2.0,3.0,2.0,3.0,3.0,3.0,3.0,5.0,5.0,1.0,1.0,5.0,2.0,1.0,3.0,1.0,4.0,2.0,4.0,1.0,4.0,3.0,2.0,2.0
884,4.0,3.0,4.0,2.0,5.0,1.0,3.0,2.0,5.0,1.0,2.0,2.0,4.0,1.0,5.0,5.0,3.0,1.0,4.0,1.0,3.0,3.0,3.0,5.0,5.0,3.0,4.0,3.0,3.0,2.0,1.0
889,2.0,2.0,1.0,2.0,5.0,1.0,3.0,4.0,4.0,2.0,2.0,4.0,5.0,3.0,5.0,5.0,2.0,2.0,4.0,2.0,1.0,4.0,4.0,5.0,1.0,3.0,2.0,2.0,5.0,4.0,2.0
901,5.0,1.0,3.0,3.0,5.0,2.0,2.0,2.0,4.0,1.0,2.0,2.0,3.0,1.0,4.0,5.0,4.0,3.0,3.0,1.0,4.0,3.0,2.0,5.0,4.0,2.0,4.0,1.0,4.0,4.0,1.0
905,3.0,1.0,4.0,2.0,4.0,2.0,2.0,3.0,4.0,1.0,2.0,2.0,5.0,1.0,5.0,3.0,5.0,2.0,5.0,1.0,2.0,3.0,3.0,5.0,3.0,3.0,2.0,1.0,3.0,2.0,1.0
908,4.0,1.0,5.0,2.0,5.0,2.0,4.0,3.0,5.0,3.0,3.0,2.0,3.0,2.0,4.0,5.0,3.0,1.0,5.0,3.0,3.0,3.0,2.0,5.0,2.0,4.0,2.0,1.0,2.0,2.0,2.0
916,2.0,3.0,5.0,1.0,5.0,3.0,5.0,2.0,4.0,2.0,4.0,4.0,3.0,3.0,5.0,4.0,3.0,1.0,4.0,1.0,2.0,4.0,3.0,4.0,4.0,4.0,2.0,4.0,4.0,3.0,3.0
923,5.0,1.0,3.0,3.0,5.0,1.0,5.0,5.0,3.0,1.0,4.0,3.0,2.0,1.0,5.0,5.0,2.0,3.0,5.0,1.0,3.0,3.0,1.0,5.0,1.0,3.0,2.0,4.0,4.0,2.0,1.0
926,1.0,2.0,4.0,2.0,5.0,3.0,4.0,2.0,4.0,3.0,3.0,4.0,5.0,1.0,5.0,5.0,4.0,3.0,3.0,1.0,3.0,2.0,3.0,5.0,2.0,3.0,4.0,2.0,4.0,2.0,1.0
931,3.0,1.0,5.0,2.0,5.0,1.0,3.0,3.0,5.0,2.0,5.0,3.0,3.0,2.0,5.0,5.0,3.0,2.0,3.0,3.0,3.0,2.0,1.0,5.0,2.0,3.0,1.0,3.0,2.0,3.0,2.0
933,3.0,1.0,4.0,1.0,5.0,2.0,4.0,2.0,5.0,2.0,4.0,1.0,3.0,2.0,5.0,5.0,3.0,2.0,5.0,1.0,3.0,3.0,2.0,4.0,3.0,3.0,2.0,4.0,1.0,1.0,1.0
936,2.0,1.0,3.0,1.0,5.0,1.0,3.0,2.0,5.0,1.0,2.0,1.0,3.0,1.0,5.0,5.0,2.0,1.0,5.0,1.0,1.0,2.0,1.0,5.0,2.0,3.0,1.0,1.0,1.0,2.0,1.0
940,1.0,3.0,5.0,5.0,5.0,4.0,4.0,4.0,3.0,1.0,1.0,4.0,4.0,1.0,5.0,4.0,3.0,2.0,4.0,2.0,2.0,4.0,4.0,5.0,4.0,3.0,3.0,4.0,2.0,1.0,2.0
949,3.0,2.0,5.0,3.0,5.0,2.0,4.0,4.0,5.0,3.0,2.0,4.0,4.0,1.0,5.0,5.0,4.0,2.0,4.0,1.0,3.0,3.0,3.0,5.0,4.0,3.0,2.0,2.0,3.0,2.0,3.0
955,4.0,2.0,3.0,2.0,4.0,2.0,5.0,4.0,5.0,3.0,4.0,2.0,5.0,1.0,4.0,5.0,3.0,3.0,3.0,2.0,4.0,3.0,3.0,5.0,2.0,3.0,3.0,4.0,4.0,3.0,2.0
984,2.0,3.0,5.0,3.0,5.0,1.0,3.0,1.0,5.0,1.0,4.0,4.0,4.0,1.0,5.0,5.0,3.0,1.0,5.0,1.0,4.0,3.0,3.0,4.0,1.0,4.0,2.0,2.0,2.0,1.0,1.0
990,3.0,3.0,3.0,4.0,5.0,2.0,3.0,3.0,5.0,2.0,5.0,1.0,5.0,5.0,3.0,5.0,5.0,3.0,5.0,1.0,2.0,5.0,3.0,5.0,1.0,5.0,3.0,5.0,1.0,3.0,3.0
994,2.0,4.0,5.0,3.0,5.0,2.0,3.0,2.0,5.0,1.0,4.0,1.0,1.0,1.0,5.0,5.0,1.0,1.0,4.0,1.0,1.0,4.0,1.0,5.0,1.0,3.0,1.0,2.0,1.0,2.0,1.0
998,3.0,2.0,2.0,1.0,5.0,3.0,3.0,3.0,5.0,3.0,2.0,5.0,4.0,2.0,4.0,5.0,3.0,1.0,3.0,4.0,4.0,4.0,1.0,4.0,2.0,4.0,1.0,1.0,3.0,2.0,2.0
1001,2.0,3.0,5.0,3.0,5.0,2.0,3.0,3.0,5.0,3.0,5.0,5.0,3.0,1.0,5.0,5.0,3.0,1.0,4.0,1.0,3.0,3.0,3.0,5.0,2.0,3.0,2.0,3.0,5.0,5.0,2.0
1002,3.0,1.0,3.0,1.0,5.0,2.0,5.0,2.0,3.0,1.0,4.0,4.0,2.0,2.0,3.0,5.0,4.0,1.0,4.0,4.0,3.0,3.0,4.0,4.0,1.0,5.0,1.0,3.0,3.0,1.0,2.0
1009,4.0,5.0,5.0,3.0,5.0,1.0,3.0,3.0,5.0,3.0,2.0,3.0,2.0,1.0,5.0,5.0,1.0,1.0,3.0,1.0,2.0,4.0,2.0,3.0,1.0,3.0,3.0,2.0,4.0,2.0,1.0
1010,4.0,2.0,2.0,3.0,5.0,2.0,4.0,4.0,4.0,3.0,3.0,2.0,2.0,1.0,5.0,5.0,3.0,1.0,4.0,2.0,1.0,1.0,3.0,2.0,3.0,5.0,1.0,3.0,3.0,1.0,1.0
