,Achievements,Appearence.and.gestures,Assertiveness,Borrowed.stuff,Changing.the.past,Charity,Cheating.in.school,Children,Compassion.to.animals,Criminal.damage,Daily.events,Decision.making,Dreams,Eating.to.survive,Elections,Empathy,Energy.levels,Fake,Final.judgement,Finding.lost.valuables,Friends.versus.money,Funniness,Getting.angry,Getting.up,Giving,God,Happiness.in.life,Health,Hypochondria,Interests.or.hobbies,Judgment.calls,Keeping.promises,Knowing.the.right.people,Life.struggles,Loneliness,Loss.of.interest,Mood.swings,New.environment,Number.of.friends,Parents..advice,Personality,Prioritising.workload,Public.speaking,Questionnaires.or.polls,Reliability,Responding.to.a.serious.letter,Self.criticism,Small...big.dogs,Socializing,Thinking.ahead,Unpopularity,Waiting,Workaholism,Writing.notes
1,4.0,4.0,1.0,4.0,1.0,2.0,2.0,5.0,5.0,1.0,2.0,3.0,4.0,1.0,4.0,3.0,5.0,1.0,5.0,3.0,3.0,5.0,1.0,2.0,4.0,1.0,4.0,1.0,1.0,3.0,3.0,4.0,3.0,1.0,3.0,1.0,3.0,4.0,3.0,4.0,4.0,2.0,5.0,3.0,4.0,3.0,1.0,1.0,3.0,2.0,5.0,3.0,4.0,5.0
7,4.0,4.0,3.0,5.0,1.0,3.0,2.0,2.0,5.0,2.0,3.0,2.0,3.0,1.0,5.0,4.0,4.0,1.0,3.0,2.0,4.0,4.0,3.0,2.0,5.0,5.0,5.0,3.0,1.0,4.0,5.0,5.0,4.0,5.0,3.0,3.0,5.0,5.0,3.0,4.0,3.0,5.0,3.0,5.0,4.0,3.0,3.0,3.0,5.0,3.0,3.0,4.0,5.0,5.0
15,4.0,4.0,1.0,4.0,1.0,3.0,1.0,5.0,5.0,4.0,4.0,5.0,4.0,1.0,5.0,5.0,4.0,1.0,5.0,3.0,5.0,4.0,4.0,1.0,5.0,5.0,5.0,5.0,5.0,2.0,5.0,4.0,2.0,5.0,2.0,1.0,4.0,1.0,5.0,4.0,4.0,5.0,3.0,3.0,5.0,5.0,5.0,1.0,1.0,5.0,3.0,3.0,2.0,5.0
19,2.0,4.0,3.0,5.0,4.0,1.0,4.0,3.0,2.0,1.0,2.0,3.0,3.0,3.0,1.0,4.0,3.0,2.0,3.0,2.0,5.0,3.0,1.0,2.0,1.0,5.0,3.0,3.0,1.0,4.0,5.0,5.0,5.0,1.0,4.0,3.0,3.0,4.0,2.0,3.0,3.0,4.0,5.0,2.0,4.0,4.0,2.0,4.0,3.0,5.0,3.0,3.0,4.0,3.0
28,3.0,2.0,2.0,4.0,2.0,2.0,2.0,4.0,5.0,1.0,3.0,1.0,4.0,3.0,2.0,4.0,3.0,1.0,3.0,3.0,4.0,3.0,2.0,1.0,3.0,4.0,3.0,4.0,1.0,3.0,3.0,2.0,4.0,3.0,3.0,2.0,3.0,3.0,3.0,4.0,3.0,3.0,4.0,2.0,4.0,4.0,3.0,1.0,3.0,3.0,2.0,3.0,4.0,3.0
32,2.0,3.0,4.0,5.0,3.0,2.0,3.0,4.0,4.0,1.0,3.0,4.0,3.0,2.0,4.0,5.0,4.0,2.0,4.0,3.0,3.0,1.0,3.0,3.0,3.0,5.0,4.0,2.0,1.0,3.0,3.0,5.0,3.0,4.0,2.0,2.0,4.0,3.0,3.0,3.0,3.0,3.0,4.0,2.0,4.0,1.0,2.0,3.0,3.0,4.0,3.0,3.0,3.0,4.0
35,3.0,3.0,4.0,3.0,4.0,4.0,2.0,3.0,1.0,1.0,5.0,3.0,4.0,2.0,5.0,2.0,5.0,1.0,5.0,5.0,5.0,5.0,1.0,2.0,3.0,5.0,3.0,2.0,1.0,3.0,3.0,4.0,4.0,1.0,2.0,4.0,2.0,3.0,4.0,2.0,3.0,3.0,4.0,2.0,4.0,3.0,4.0,3.0,4.0,3.0,4.0,4.0,5.0,1.0
43,2.0,3.0,2.0,5.0,2.0,3.0,1.0,3.0,5.0,1.0,3.0,2.0,4.0,2.0,1.0,5.0,3.0,1.0,3.0,5.0,5.0,4.0,2.0,3.0,4.0,4.0,4.0,2.0,1.0,4.0,3.0,5.0,4.0,2.0,3.0,3.0,1.0,4.0,3.0,2.0,4.0,4.0,4.0,2.0,5.0,1.0,3.0,1.0,2.0,5.0,4.0,5.0,3.0,2.0
49,3.0,4.0,5.0,4.0,2.0,2.0,5.0,3.0,4.0,2.0,3.0,2.0,4.0,2.0,5.0,4.0,5.0,4.0,3.0,3.0,2.0,3.0,3.0,1.0,4.0,1.0,4.0,5.0,1.0,3.0,5.0,5.0,5.0,2.0,5.0,3.0,3.0,4.0,2.0,3.0,4.0,5.0,3.0,3.0,5.0,1.0,5.0,4.0,4.0,3.0,5.0,3.0,4.0,4.0
68,2.0,3.0,5.0,4.0,1.0,2.0,1.0,3.0,3.0,1.0,3.0,2.0,4.0,3.0,5.0,5.0,4.0,2.0,4.0,3.0,5.0,3.0,3.0,1.0,3.0,4.0,5.0,2.0,1.0,4.0,4.0,5.0,3.0,3.0,2.0,2.0,3.0,4.0,4.0,2.0,4.0,3.0,3.0,3.0,4.0,2.0,5.0,2.0,3.0,4.0,3.0,2.0,5.0,2.0
70,5.0,2.0,4.0,3.0,3.0,5.0,1.0,3.0,4.0,2.0,2.0,5.0,2.0,4.0,4.0,2.0,5.0,3.0,1.0,3.0,5.0,1.0,3.0,3.0,4.0,5.0,3.0,4.0,4.0,3.0,4.0,3.0,5.0,3.0,3.0,1.0,4.0,4.0,3.0,4.0,4.0,4.0,2.0,3.0,3.0,1.0,5.0,2.0,4.0,3.0,5.0,4.0,5.0,3.0
71,3.0,3.0,3.0,3.0,3.0,3.0,1.0,4.0,3.0,2.0,2.0,2.0,3.0,1.0,3.0,3.0,4.0,2.0,3.0,3.0,3.0,2.0,3.0,3.0,3.0,3.0,5.0,3.0,2.0,4.0,4.0,5.0,3.0,3.0,3.0,1.0,3.0,3.0,4.0,5.0,4.0,4.0,4.0,3.0,3.0,1.0,4.0,4.0,3.0,2.0,4.0,2.0,3.0,2.0
72,3.0,4.0,5.0,4.0,3.0,3.0,4.0,3.0,3.0,4.0,3.0,5.0,3.0,1.0,5.0,3.0,5.0,3.0,2.0,3.0,3.0,5.0,3.0,3.0,4.0,4.0,4.0,5.0,1.0,4.0,3.0,4.0,4.0,1.0,3.0,3.0,3.0,4.0,3.0,3.0,4.0,4.0,5.0,3.0,4.0,3.0,4.0,3.0,3.0,4.0,4.0,2.0,4.0,2.0
75,2.0,4.0,4.0,5.0,3.0,3.0,2.0,4.0,4.0,5.0,5.0,4.0,3.0,5.0,5.0,1.0,2.0,1.0,5.0,1.0,1.0,1.0,3.0,1.0,1.0,5.0,3.0,2.0,1.0,1.0,5.0,5.0,4.0,1.0,3.0,1.0,5.0,4.0,2.0,4.0,3.0,5.0,4.0,3.0,5.0,3.0,5.0,1.0,2.0,5.0,4.0,2.0,4.0,4.0
76,2.0,5.0,3.0,5.0,1.0,4.0,3.0,3.0,3.0,1.0,4.0,2.0,3.0,2.0,1.0,4.0,3.0,1.0,3.0,3.0,5.0,2.0,2.0,4.0,2.0,5.0,4.0,5.0,4.0,5.0,5.0,5.0,4.0,1.0,2.0,1.0,2.0,5.0,5.0,3.0,3.0,3.0,1.0,2.0,4.0,2.0,4.0,5.0,3.0,5.0,3.0,2.0,4.0,4.0
78,4.0,4.0,3.0,5.0,3.0,1.0,3.0,4.0,5.0,1.0,3.0,2.0,3.0,1.0,5.0,5.0,5.0,1.0,1.0,5.0,4.0,4.0,4.0,3.0,3.0,1.0,4.0,4.0,1.0,5.0,3.0,3.0,2.0,2.0,1.0,5.0,3.0,5.0,4.0,4.0,3.0,2.0,5.0,4.0,3.0,4.0,3.0,4.0,3.0,3.0,2.0,3.0,4.0,4.0
79,2.0,3.0,4.0,5.0,1.0,4.0,1.0,5.0,5.0,1.0,1.0,5.0,3.0,3.0,3.0,5.0,5.0,1.0,1.0,5.0,4.0,2.0,2.0,4.0,4.0,1.0,5.0,3.0,1.0,5.0,5.0,5.0,2.0,5.0,2.0,1.0,3.0,4.0,3.0,4.0,3.0,3.0,4.0,2.0,5.0,3.0,4.0,4.0,4.0,5.0,5.0,4.0,5.0,5.0
87,3.0,4.0,2.0,4.0,3.0,3.0,2.0,3.0,3.0,2.0,5.0,5.0,4.0,3.0,5.0,4.0,3.0,4.0,5.0,4.0,5.0,4.0,1.0,5.0,2.0,5.0,4.0,2.0,1.0,3.0,4.0,4.0,2.0,1.0,4.0,1.0,3.0,5.0,3.0,4.0,3.0,2.0,4.0,3.0,4.0,4.0,4.0,3.0,4.0,5.0,4.0,2.0,4.0,4.0
100,4.0,3.0,3.0,5.0,2.0,1.0,2.0,4.0,5.0,1.0,3.0,4.0,3.0,1.0,4.0,5.0,3.0,2.0,4.0,3.0,2.0,2.0,3.0,2.0,3.0,3.0,4.0,4.0,1.0,2.0,5.0,5.0,4.0,5.0,3.0,2.0,4.0,4.0,2.0,4.0,4.0,4.0,4.0,5.0,5.0,5.0,4.0,3.0,4.0,4.0,2.0,3.0,2.0,5.0
103,2.0,2.0,2.0,3.0,3.0,5.0,3.0,2.0,4.0,3.0,4.0,3.0,4.0,3.0,3.0,3.0,3.0,3.0,3.0,3.0,3.0,3.0,3.0,3.0,3.0,4.0,3.0,3.0,3.0,3.0,3.0,3.0,3.0,3.0,3.0,3.0,3.0,2.0,3.0,3.0,3.0,5.0,3.0,3.0,3.0,2.0,3.0,3.0,2.0,4.0,3.0,4.0,5.0,5.0
104,4.0,5.0,4.0,2.0,1.0,1.0,4.0,2.0,1.0,1.0,5.0,1.0,3.0,1.0,5.0,5.0,4.0,2.0,5.0,4.0,5.0,4.0,2.0,1.0,1.0,5.0,5.0,4.0,1.0,4.0,5.0,2.0,4.0,2.0,2.0,5.0,3.0,5.0,2.0,5.0,4.0,4.0,2.0,1.0,5.0,4.0,5.0,1.0,5.0,5.0,4.0,1.0,4.0,1.0
106,4.0,2.0,4.0,5.0,4.0,2.0,2.0,2.0,4.0,4.0,2.0,3.0,3.0,5.0,3.0,3.0,4.0,2.0,4.0,5.0,4.0,1.0,1.0,3.0,3.0,4.0,3.0,3.0,1.0,3.0,3.0,4.0,1.0,2.0,2.0,2.0,2.0,3.0,2.0,3.0,3.0,3.0,4.0,3.0,4.0,3.0,5.0,4.0,3.0,4.0,5.0,3.0,3.0,1.0
113,3.0,4.0,3.0,4.0,3.0,3.0,3.0,4.0,3.0,3.0,1.0,3.0,3.0,2.0,5.0,5.0,3.0,1.0,3.0,3.0,5.0,3.0,4.0,4.0,2.0,5.0,3.0,3.0,1.0,4.0,4.0,5.0,4.0,4.0,3.0,3.0,5.0,3.0,3.0,3.0,3.0,4.0,5.0,3.0,4.0,1.0,3.0,1.0,3.0,3.0,5.0,2.0,4.0,5.0
114,2.0,3.0,4.0,4.0,3.0,2.0,3.0,5.0,4.0,2.0,3.0,2.0,4.0,2.0,2.0,2.0,4.0,1.0,4.0,5.0,1.0,2.0,4.0,2.0,2.0,1.0,4.0,3.0,1.0,3.0,4.0,4.0,4.0,4.0,2.0,1.0,3.0,3.0,3.0,4.0,3.0,3.0,1.0,4.0,4.0,2.0,2.0,3.0,4.0,3.0,4.0,3.0,3.0,4.0
115,2.0,4.0,3.0,4.0,2.0,1.0,3.0,1.0,3.0,1.0,3.0,3.0,4.0,1.0,5.0,5.0,5.0,1.0,1.0,4.0,4.0,4.0,3.0,2.0,2.0,1.0,4.0,3.0,1.0,4.0,2.0,4.0,5.0,2.0,2.0,3.0,4.0,5.0,4.0,4.0,3.0,3.0,5.0,3.0,5.0,3.0,4.0,1.0,3.0,3.0,5.0,3.0,4.0,5.0
119,3.0,2.0,3.0,5.0,2.0,2.0,2.0,2.0,5.0,1.0,4.0,4.0,4.0,1.0,4.0,3.0,3.0,2.0,2.0,4.0,3.0,2.0,2.0,2.0,2.0,1.0,5.0,3.0,2.0,3.0,3.0,4.0,2.0,3.0,3.0,3.0,3.0,2.0,2.0,3.0,3.0,3.0,4.0,5.0,4.0,4.0,3.0,3.0,4.0,4.0,3.0,2.0,5.0,3.0
134,2.0,4.0,3.0,5.0,3.0,2.0,2.0,5.0,5.0,1.0,3.0,5.0,3.0,3.0,3.0,4.0,4.0,1.0,3.0,4.0,4.0,1.0,4.0,4.0,4.0,5.0,3.0,3.0,1.0,5.0,4.0,5.0,2.0,5.0,2.0,1.0,4.0,3.0,3.0,4.0,3.0,5.0,4.0,2.0,5.0,1.0,4.0,5.0,1.0,4.0,4.0,2.0,5.0,5.0
142,4.0,3.0,5.0,2.0,1.0,1.0,2.0,3.0,5.0,1.0,1.0,1.0,3.0,2.0,5.0,3.0,3.0,2.0,2.0,1.0,3.0,3.0,3.0,4.0,1.0,3.0,3.0,1.0,1.0,5.0,5.0,5.0,5.0,3.0,3.0,5.0,5.0,1.0,3.0,3.0,4.0,5.0,3.0,2.0,5.0,5.0,4.0,3.0,3.0,5.0,5.0,2.0,5.0,3.0
147,3.0,4.0,3.0,4.0,1.0,3.0,3.0,4.0,1.0,5.0,4.0,4.0,3.0,1.0,5.0,2.0,3.0,1.0,1.0,5.0,4.0,4.0,2.0,2.0,1.0,5.0,5.0,4.0,1.0,3.0,5.0,5.0,3.0,3.0,3.0,1.0,2.0,3.0,3.0,2.0,3.0,3.0,1.0,2.0,5.0,1.0,5.0,3.0,2.0,5.0,5.0,4.0,3.0,4.0
148,4.0,2.0,2.0,5.0,1.0,3.0,2.0,3.0,4.0,3.0,3.0,3.0,4.0,3.0,5.0,3.0,3.0,3.0,3.0,4.0,4.0,2.0,2.0,3.0,2.0,2.0,4.0,4.0,2.0,3.0,2.0,5.0,3.0,1.0,4.0,3.0,2.0,1.0,1.0,4.0,3.0,4.0,5.0,3.0,5.0,5.0,4.0,2.0,1.0,4.0,4.0,1.0,5.0,4.0
149,2.0,3.0,3.0,5.0,3.0,2.0,3.0,3.0,3.0,4.0,2.0,3.0,3.0,5.0,5.0,4.0,2.0,2.0,5.0,4.0,4.0,3.0,2.0,2.0,3.0,5.0,4.0,4.0,2.0,2.0,4.0,4.0,3.0,2.0,2.0,2.0,2.0,4.0,3.0,4.0,4.0,3.0,5.0,3.0,4.0,2.0,4.0,2.0,3.0,4.0,3.0,4.0,4.0,2.0
160,2.0,4.0,3.0,2.0,3.0,3.0,4.0,4.0,3.0,3.0,3.0,3.0,3.0,3.0,5.0,4.0,3.0,2.0,3.0,3.0,5.0,4.0,2.0,3.0,3.0,5.0,3.0,2.0,2.0,3.0,4.0,5.0,3.0,3.0,2.0,2.0,2.0,4.0,4.0,3.0,3.0,3.0,3.0,2.0,5.0,3.0,4.0,3.0,3.0,4.0,3.0,4.0,5.0,5.0
163,2.0,4.0,4.0,1.0,2.0,1.0,4.0,3.0,4.0,2.0,3.0,2.0,3.0,1.0,5.0,5.0,3.0,1.0,5.0,2.0,4.0,1.0,4.0,2.0,3.0,5.0,3.0,3.0,1.0,4.0,4.0,5.0,3.0,2.0,3.0,3.0,3.0,4.0,3.0,2.0,4.0,2.0,4.0,3.0,4.0,5.0,4.0,2.0,3.0,5.0,4.0,2.0,5.0,4.0
166,2.0,4.0,4.0,4.0,2.0,3.0,2.0,4.0,3.0,1.0,5.0,3.0,3.0,2.0,5.0,4.0,3.0,2.0,4.0,1.0,3.0,4.0,2.0,5.0,3.0,5.0,4.0,4.0,3.0,3.0,4.0,4.0,5.0,2.0,1.0,4.0,2.0,5.0,4.0,5.0,3.0,5.0,4.0,1.0,4.0,1.0,5.0,5.0,5.0,4.0,4.0,3.0,5.0,5.0
167,4.0,3.0,4.0,3.0,2.0,1.0,2.0,2.0,2.0,5.0,3.0,4.0,3.0,1.0,4.0,3.0,3.0,2.0,2.0,3.0,3.0,4.0,4.0,1.0,2.0,3.0,4.0,3.0,3.0,4.0,2.0,4.0,4.0,2.0,3.0,4.0,5.0,3.0,3.0,4.0,3.0,5.0,4.0,4.0,4.0,3.0,4.0,5.0,3.0,4.0,5.0,2.0,5.0,3.0
174,4.0,3.0,4.0,5.0,4.0,1.0,4.0,5.0,5.0,1.0,5.0,5.0,3.0,2.0,1.0,4.0,4.0,1.0,1.0,2.0,3.0,5.0,2.0,2.0,4.0,2.0,3.0,3.0,1.0,5.0,4.0,4.0,4.0,2.0,4.0,1.0,4.0,4.0,2.0,4.0,4.0,2.0,4.0,3.0,5.0,1.0,5.0,4.0,2.0,5.0,4.0,3.0,5.0,2.0
178,2.0,4.0,3.0,4.0,3.0,1.0,2.0,5.0,4.0,1.0,2.0,4.0,3.0,1.0,4.0,4.0,3.0,2.0,3.0,4.0,4.0,4.0,4.0,3.0,4.0,3.0,3.0,5.0,2.0,3.0,3.0,4.0,2.0,1.0,3.0,2.0,3.0,1.0,3.0,3.0,3.0,4.0,3.0,3.0,4.0,3.0,4.0,1.0,1.0,3.0,3.0,3.0,3.0,5.0
180,1.0,5.0,5.0,5.0,1.0,3.0,2.0,5.0,2.0,4.0,2.0,3.0,3.0,3.0,4.0,5.0,5.0,3.0,2.0,3.0,3.0,2.0,2.0,4.0,2.0,3.0,3.0,5.0,3.0,5.0,5.0,4.0,4.0,4.0,2.0,2.0,1.0,5.0,1.0,3.0,4.0,2.0,5.0,4.0,5.0,2.0,4.0,3.0,1.0,5.0,4.0,5.0,3.0,2.0
183,3.0,4.0,5.0,5.0,2.0,1.0,3.0,5.0,5.0,2.0,2.0,4.0,4.0,1.0,5.0,4.0,4.0,2.0,3.0,2.0,3.0,2.0,2.0,4.0,3.0,5.0,4.0,3.0,2.0,3.0,4.0,4.0,3.0,2.0,2.0,4.0,3.0,4.0,3.0,4.0,3.0,2.0,5.0,3.0,3.0,1.0,3.0,3.0,2.0,3.0,5.0,3.0,5.0,5.0
184,3.0,5.0,3.0,4.0,2.0,2.0,5.0,3.0,4.0,1.0,5.0,3.0,4.0,2.0,5.0,3.0,4.0,1.0,4.0,5.0,5.0,3.0,1.0,2.0,3.0,1.0,5.0,3.0,1.0,4.0,3.0,4.0,3.0,2.0,2.0,3.0,2.0,5.0,5.0,2.0,4.0,4.0,3.0,2.0,4.0,3.0,3.0,3.0,4.0,5.0,4.0,4.0,3.0,5.0
187,2.0,4.0,2.0,4.0,2.0,2.0,4.0,4.0,1.0,4.0,4.0,2.0,3.0,3.0,2.0,4.0,3.0,1.0,1.0,4.0,4.0,2.0,5.0,2.0,4.0,5.0,4.0,4.0,1.0,4.0,3.0,4.0,3.0,4.0,2.0,2.0,4.0,2.0,3.0,3.0,3.0,4.0,3.0,3.0,4.0,3.0,4.0,3.0,3.0,4.0,3.0,2.0,2.0,4.0
194,3.0,4.0,3.0,4.0,3.0,2.0,2.0,4.0,4.0,1.0,3.0,3.0,3.0,1.0,4.0,3.0,3.0,2.0,3.0,3.0,4.0,4.0,3.0,3.0,4.0,3.0,3.0,4.0,2.0,3.0,3.0,4.0,2.0,1.0,3.0,2.0,3.0,2.0,3.0,3.0,3.0,3.0,3.0,2.0,4.0,3.0,3.0,2.0,2.0,4.0,3.0,2.0,4.0,5.0
206,3.0,2.0,2.0,5.0,2.0,4.0,3.0,4.0,4.0,1.0,2.0,4.0,3.0,1.0,4.0,5.0,2.0,1.0,5.0,4.0,5.0,1.0,2.0,4.0,1.0,4.0,4.0,3.0,4.0,5.0,4.0,5.0,1.0,4.0,3.0,3.0,3.0,2.0,3.0,4.0,3.0,2.0,5.0,5.0,5.0,1.0,5.0,2.0,2.0,4.0,3.0,2.0,3.0,5.0
207,2.0,3.0,5.0,5.0,3.0,4.0,2.0,2.0,5.0,5.0,5.0,3.0,3.0,3.0,5.0,5.0,5.0,2.0,5.0,3.0,5.0,3.0,3.0,3.0,1.0,3.0,3.0,3.0,3.0,3.0,4.0,5.0,3.0,2.0,3.0,4.0,3.0,3.0,4.0,2.0,3.0,5.0,1.0,3.0,5.0,3.0,3.0,3.0,4.0,3.0,4.0,3.0,3.0,3.0
214,2.0,4.0,5.0,5.0,2.0,2.0,1.0,3.0,5.0,1.0,3.0,4.0,3.0,3.0,5.0,5.0,3.0,2.0,5.0,3.0,5.0,3.0,2.0,1.0,1.0,5.0,4.0,3.0,1.0,2.0,5.0,5.0,4.0,1.0,4.0,3.0,3.0,2.0,3.0,4.0,3.0,4.0,5.0,3.0,5.0,3.0,5.0,2.0,2.0,5.0,3.0,4.0,5.0,5.0
218,2.0,3.0,3.0,5.0,4.0,1.0,1.0,3.0,5.0,1.0,2.0,3.0,3.0,5.0,3.0,5.0,4.0,2.0,3.0,2.0,4.0,4.0,2.0,2.0,3.0,5.0,4.0,3.0,2.0,2.0,5.0,4.0,4.0,4.0,3.0,3.0,4.0,3.0,3.0,1.0,3.0,5.0,4.0,5.0,3.0,4.0,5.0,3.0,2.0,3.0,3.0,2.0,4.0,5.0
229,2.0,3.0,3.0,3.0,3.0,2.0,3.0,4.0,3.0,1.0,3.0,5.0,3.0,2.0,5.0,5.0,3.0,2.0,3.0,3.0,4.0,3.0,3.0,2.0,2.0,4.0,2.0,3.0,1.0,4.0,5.0,4.0,2.0,2.0,3.0,3.0,3.0,3.0,3.0,4.0,3.0,3.0,3.0,3.0,4.0,3.0,5.0,3.0,4.0,3.0,4.0,3.0,3.0,4.0
243,4.0,4.0,4.0,4.0,2.0,3.0,2.0,4.0,3.0,3.0,4.0,3.0,4.0,1.0,5.0,5.0,3.0,1.0,1.0,3.0,5.0,2.0,2.0,1.0,3.0,5.0,4.0,3.0,1.0,3.0,5.0,5.0,4.0,4.0,3.0,1.0,3.0,3.0,3.0,4.0,3.0,5.0,3.0,3.0,5.0,2.0,4.0,1.0,3.0,5.0,4.0,4.0,4.0,5.0
247,2.0,3.0,3.0,5.0,2.0,2.0,3.0,4.0,5.0,1.0,3.0,4.0,3.0,2.0,5.0,4.0,3.0,1.0,2.0,5.0,2.0,1.0,3.0,2.0,5.0,3.0,4.0,3.0,2.0,4.0,3.0,5.0,4.0,1.0,2.0,1.0,3.0,4.0,4.0,3.0,3.0,5.0,4.0,1.0,5.0,2.0,4.0,2.0,2.0,5.0,4.0,3.0,5.0,5.0
254,3.0,5.0,5.0,5.0,4.0,1.0,1.0,5.0,2.0,1.0,3.0,2.0,2.0,1.0,1.0,3.0,3.0,2.0,4.0,1.0,5.0,5.0,1.0,2.0,1.0,5.0,3.0,3.0,1.0,3.0,5.0,5.0,2.0,5.0,4.0,1.0,2.0,4.0,5.0,2.0,3.0,3.0,5.0,5.0,5.0,3.0,3.0,3.0,3.0,3.0,5.0,5.0,3.0,1.0
256,3.0,2.0,5.0,5.0,2.0,1.0,4.0,5.0,5.0,1.0,1.0,5.0,3.0,2.0,5.0,4.0,4.0,1.0,2.0,4.0,5.0,4.0,3.0,2.0,2.0,4.0,4.0,4.0,3.0,5.0,3.0,5.0,3.0,4.0,3.0,1.0,3.0,1.0,4.0,4.0,4.0,2.0,5.0,3.0,4.0,4.0,4.0,3.0,3.0,5.0,4.0,4.0,4.0,4.0
260,3.0,2.0,3.0,5.0,5.0,3.0,3.0,3.0,5.0,1.0,4.0,3.0,4.0,1.0,4.0,5.0,5.0,1.0,4.0,5.0,5.0,3.0,3.0,3.0,1.0,5.0,4.0,5.0,5.0,5.0,5.0,3.0,3.0,2.0,3.0,1.0,2.0,5.0,4.0,3.0,3.0,5.0,3.0,5.0,3.0,2.0,5.0,3.0,4.0,2.0,3.0,1.0,4.0,3.0
268,3.0,4.0,3.0,5.0,1.0,3.0,1.0,3.0,5.0,1.0,4.0,2.0,5.0,1.0,5.0,4.0,5.0,1.0,5.0,5.0,4.0,1.0,3.0,2.0,3.0,5.0,5.0,1.0,1.0,4.0,3.0,5.0,3.0,1.0,1.0,1.0,2.0,4.0,3.0,2.0,3.0,4.0,3.0,3.0,4.0,2.0,5.0,3.0,4.0,4.0,3.0,4.0,4.0,4.0
278,3.0,5.0,4.0,4.0,2.0,1.0,2.0,4.0,3.0,2.0,2.0,3.0,4.0,2.0,5.0,5.0,4.0,1.0,5.0,2.0,5.0,4.0,2.0,3.0,2.0,2.0,4.0,2.0,3.0,3.0,3.0,5.0,4.0,2.0,4.0,1.0,3.0,4.0,3.0,3.0,3.0,4.0,4.0,3.0,5.0,3.0,3.0,3.0,4.0,4.0,3.0,3.0,5.0,5.0
289,3.0,2.0,5.0,5.0,1.0,1.0,5.0,4.0,5.0,5.0,3.0,3.0,3.0,2.0,2.0,5.0,4.0,2.0,5.0,3.0,3.0,5.0,1.0,3.0,3.0,5.0,5.0,4.0,1.0,5.0,5.0,5.0,1.0,1.0,3.0,4.0,3.0,5.0,3.0,3.0,4.0,5.0,3.0,2.0,5.0,3.0,3.0,3.0,3.0,5.0,3.0,2.0,3.0,5.0
301,4.0,4.0,3.0,5.0,5.0,4.0,3.0,2.0,5.0,4.0,3.0,5.0,4.0,4.0,5.0,5.0,4.0,4.0,4.0,3.0,5.0,1.0,1.0,2.0,2.0,5.0,5.0,3.0,1.0,5.0,5.0,4.0,4.0,5.0,2.0,2.0,2.0,2.0,3.0,3.0,3.0,3.0,2.0,2.0,5.0,4.0,5.0,5.0,1.0,5.0,5.0,3.0,5.0,1.0
323,4.0,1.0,3.0,5.0,2.0,2.0,3.0,3.0,3.0,5.0,3.0,3.0,3.0,5.0,3.0,4.0,5.0,1.0,3.0,3.0,3.0,4.0,4.0,1.0,2.0,4.0,4.0,3.0,2.0,5.0,4.0,5.0,4.0,1.0,2.0,3.0,2.0,5.0,4.0,4.0,3.0,4.0,3.0,4.0,5.0,2.0,3.0,4.0,3.0,5.0,3.0,1.0,5.0,5.0
328,1.0,3.0,5.0,5.0,4.0,1.0,2.0,2.0,5.0,4.0,4.0,3.0,3.0,4.0,3.0,5.0,4.0,3.0,3.0,3.0,3.0,4.0,3.0,3.0,2.0,4.0,4.0,4.0,1.0,3.0,5.0,4.0,3.0,4.0,3.0,4.0,3.0,3.0,3.0,3.0,3.0,5.0,4.0,4.0,5.0,3.0,3.0,3.0,3.0,5.0,5.0,3.0,4.0,5.0
340,4.0,2.0,3.0,5.0,2.0,2.0,3.0,3.0,4.0,4.0,4.0,2.0,3.0,4.0,3.0,4.0,5.0,2.0,3.0,3.0,3.0,5.0,4.0,1.0,2.0,4.0,4.0,4.0,2.0,5.0,4.0,5.0,5.0,1.0,3.0,3.0,3.0,5.0,4.0,4.0,3.0,4.0,2.0,4.0,5.0,2.0,4.0,4.0,3.0,5.0,3.0,1.0,5.0,5.0
345,4.0,3.0,4.0,4.0,2.0,1.0,2.0,4.0,1.0,2.0,3.0,4.0,3.0,1.0,5.0,3.0,4.0,1.0,4.0,3.0,4.0,1.0,5.0,2.0,3.0,5.0,4.0,3.0,1.0,4.0,3.0,4.0,3.0,5.0,2.0,4.0,3.0,3.0,2.0,4.0,3.0,5.0,4.0,3.0,4.0,2.0,3.0,2.0,3.0,3.0,4.0,3.0,4.0,5.0
352,3.0,3.0,3.0,5.0,2.0,3.0,3.0,5.0,5.0,2.0,4.0,3.0,3.0,2.0,1.0,2.0,5.0,1.0,2.0,3.0,3.0,4.0,3.0,4.0,4.0,5.0,4.0,3.0,1.0,4.0,3.0,5.0,4.0,4.0,3.0,2.0,2.0,5.0,3.0,4.0,3.0,5.0,5.0,4.0,5.0,1.0,4.0,3.0,4.0,3.0,3.0,3.0,4.0,4.0
365,2.0,4.0,2.0,5.0,4.0,3.0,5.0,2.0,1.0,2.0,5.0,3.0,3.0,1.0,5.0,3.0,3.0,1.0,1.0,1.0,4.0,2.0,2.0,1.0,2.0,3.0,4.0,4.0,1.0,4.0,5.0,4.0,3.0,1.0,4.0,3.0,2.0,4.0,4.0,4.0,3.0,4.0,5.0,3.0,5.0,2.0,4.0,2.0,3.0,5.0,4.0,3.0,4.0,2.0
366,3.0,4.0,4.0,4.0,3.0,3.0,3.0,4.0,4.0,2.0,4.0,2.0,4.0,2.0,5.0,2.0,4.0,2.0,5.0,2.0,5.0,4.0,1.0,2.0,3.0,5.0,4.0,1.0,1.0,4.0,4.0,5.0,1.0,2.0,2.0,2.0,2.0,4.0,3.0,3.0,3.0,3.0,1.0,1.0,4.0,3.0,2.0,4.0,3.0,4.0,3.0,4.0,3.0,3.0
367,3.0,3.0,4.0,5.0,4.0,1.0,4.0,2.0,2.0,5.0,5.0,4.0,4.0,4.0,5.0,3.0,4.0,2.0,1.0,3.0,4.0,4.0,3.0,5.0,4.0,1.0,3.0,3.0,1.0,3.0,3.0,5.0,3.0,1.0,3.0,2.0,4.0,4.0,3.0,5.0,2.0,5.0,5.0,5.0,5.0,3.0,3.0,3.0,3.0,5.0,4.0,4.0,5.0,3.0
371,3.0,4.0,2.0,5.0,4.0,2.0,2.0,5.0,2.0,1.0,2.0,3.0,3.0,1.0,5.0,3.0,4.0,4.0,2.0,3.0,3.0,4.0,1.0,3.0,2.0,2.0,4.0,5.0,3.0,3.0,3.0,4.0,5.0,4.0,2.0,2.0,2.0,5.0,3.0,3.0,3.0,2.0,3.0,4.0,4.0,2.0,4.0,3.0,5.0,3.0,5.0,5.0,5.0,3.0
372,3.0,4.0,4.0,4.0,1.0,3.0,2.0,5.0,4.0,1.0,2.0,2.0,4.0,3.0,5.0,4.0,4.0,1.0,3.0,3.0,4.0,1.0,1.0,3.0,3.0,5.0,5.0,3.0,1.0,5.0,5.0,5.0,3.0,2.0,1.0,1.0,2.0,4.0,5.0,3.0,4.0,3.0,2.0,3.0,4.0,2.0,1.0,2.0,5.0,4.0,3.0,3.0,4.0,3.0
380,3.0,4.0,5.0,5.0,3.0,2.0,5.0,3.0,3.0,2.0,5.0,3.0,3.0,3.0,5.0,4.0,5.0,2.0,3.0,1.0,2.0,3.0,4.0,3.0,3.0,5.0,4.0,3.0,2.0,4.0,4.0,5.0,2.0,2.0,3.0,1.0,4.0,3.0,4.0,4.0,3.0,3.0,2.0,3.0,4.0,4.0,3.0,3.0,2.0,3.0,5.0,4.0,4.0,3.0
391,4.0,3.0,4.0,5.0,2.0,3.0,2.0,5.0,2.0,4.0,3.0,3.0,4.0,2.0,5.0,3.0,3.0,2.0,4.0,4.0,5.0,2.0,3.0,4.0,3.0,5.0,4.0,3.0,2.0,3.0,3.0,4.0,3.0,2.0,1.0,4.0,3.0,3.0,3.0,4.0,4.0,3.0,4.0,3.0,4.0,1.0,2.0,3.0,3.0,4.0,5.0,3.0,3.0,5.0
400,2.0,5.0,4.0,5.0,2.0,3.0,2.0,5.0,5.0,1.0,4.0,4.0,4.0,1.0,4.0,5.0,4.0,2.0,3.0,4.0,4.0,4.0,2.0,4.0,4.0,5.0,5.0,4.0,2.0,5.0,5.0,5.0,3.0,2.0,1.0,1.0,1.0,5.0,4.0,2.0,4.0,4.0,2.0,3.0,4.0,1.0,5.0,3.0,4.0,5.0,4.0,2.0,5.0,5.0
401,4.0,4.0,5.0,4.0,3.0,1.0,1.0,3.0,4.0,4.0,4.0,2.0,3.0,1.0,4.0,4.0,2.0,2.0,3.0,1.0,3.0,3.0,5.0,4.0,3.0,2.0,3.0,2.0,1.0,4.0,4.0,3.0,4.0,1.0,2.0,3.0,5.0,2.0,3.0,3.0,3.0,3.0,3.0,2.0,4.0,5.0,4.0,1.0,3.0,5.0,3.0,3.0,5.0,4.0
405,1.0,4.0,3.0,5.0,3.0,3.0,3.0,3.0,1.0,1.0,3.0,3.0,3.0,1.0,3.0,3.0,3.0,2.0,5.0,1.0,5.0,3.0,4.0,2.0,3.0,5.0,4.0,3.0,1.0,5.0,1.0,5.0,4.0,3.0,4.0,3.0,4.0,4.0,3.0,3.0,3.0,3.0,2.0,1.0,3.0,3.0,5.0,3.0,3.0,5.0,1.0,4.0,3.0,5.0
407,3.0,3.0,3.0,5.0,3.0,1.0,5.0,5.0,5.0,1.0,2.0,1.0,3.0,3.0,4.0,4.0,3.0,1.0,5.0,3.0,5.0,3.0,3.0,3.0,3.0,5.0,3.0,4.0,1.0,3.0,5.0,4.0,3.0,3.0,1.0,3.0,3.0,3.0,3.0,3.0,3.0,3.0,3.0,3.0,5.0,3.0,5.0,3.0,3.0,3.0,3.0,3.0,5.0,4.0
444,3.0,5.0,4.0,4.0,2.0,3.0,4.0,2.0,4.0,2.0,4.0,3.0,3.0,2.0,2.0,5.0,3.0,1.0,4.0,3.0,3.0,2.0,2.0,2.0,4.0,5.0,4.0,4.0,2.0,3.0,5.0,4.0,4.0,2.0,4.0,1.0,5.0,5.0,2.0,4.0,3.0,2.0,3.0,1.0,3.0,3.0,5.0,4.0,4.0,5.0,3.0,2.0,4.0,5.0
448,1.0,2.0,1.0,5.0,1.0,5.0,1.0,5.0,5.0,1.0,5.0,5.0,2.0,5.0,5.0,5.0,3.0,1.0,5.0,5.0,5.0,2.0,3.0,1.0,5.0,5.0,3.0,5.0,3.0,4.0,5.0,5.0,3.0,5.0,4.0,1.0,5.0,1.0,3.0,5.0,3.0,5.0,5.0,4.0,5.0,5.0,5.0,1.0,1.0,5.0,5.0,1.0,5.0,5.0
452,4.0,4.0,4.0,4.0,2.0,2.0,2.0,4.0,4.0,1.0,3.0,3.0,3.0,2.0,2.0,5.0,4.0,2.0,4.0,5.0,4.0,3.0,2.0,2.0,2.0,4.0,5.0,4.0,1.0,5.0,4.0,4.0,4.0,3.0,1.0,2.0,2.0,4.0,3.0,4.0,3.0,4.0,3.0,4.0,5.0,4.0,4.0,3.0,4.0,3.0,4.0,2.0,4.0,2.0
460,5.0,3.0,1.0,2.0,3.0,1.0,4.0,5.0,3.0,1.0,1.0,4.0,4.0,2.0,3.0,5.0,4.0,2.0,4.0,4.0,5.0,2.0,2.0,4.0,2.0,4.0,4.0,3.0,1.0,5.0,4.0,3.0,2.0,3.0,3.0,2.0,4.0,5.0,3.0,4.0,3.0,4.0,3.0,2.0,4.0,4.0,4.0,3.0,4.0,2.0,1.0,4.0,4.0,3.0
462,3.0,3.0,3.0,5.0,3.0,2.0,3.0,3.0,3.0,2.0,3.0,3.0,3.0,1.0,3.0,3.0,3.0,2.0,3.0,3.0,4.0,3.0,3.0,3.0,3.0,3.0,3.0,3.0,2.0,3.0,3.0,4.0,3.0,3.0,3.0,3.0,3.0,3.0,3.0,3.0,3.0,3.0,3.0,3.0,4.0,3.0,3.0,2.0,3.0,4.0,3.0,3.0,4.0,3.0
466,2.0,4.0,3.0,5.0,3.0,1.0,2.0,4.0,5.0,1.0,4.0,5.0,3.0,2.0,1.0,5.0,4.0,2.0,1.0,4.0,4.0,3.0,2.0,3.0,4.0,2.0,4.0,3.0,1.0,3.0,4.0,4.0,2.0,2.0,1.0,1.0,3.0,4.0,3.0,4.0,3.0,4.0,4.0,3.0,4.0,3.0,5.0,3.0,4.0,4.0,5.0,4.0,5.0,2.0
469,4.0,4.0,3.0,5.0,3.0,1.0,2.0,5.0,4.0,1.0,3.0,4.0,3.0,3.0,1.0,3.0,3.0,4.0,3.0,3.0,2.0,3.0,1.0,2.0,3.0,5.0,5.0,4.0,4.0,2.0,4.0,4.0,3.0,4.0,2.0,5.0,3.0,4.0,3.0,4.0,3.0,5.0,4.0,3.0,4.0,3.0,4.0,4.0,2.0,3.0,4.0,3.0,3.0,3.0
475,4.0,4.0,4.0,5.0,1.0,2.0,2.0,5.0,5.0,2.0,3.0,2.0,5.0,1.0,3.0,3.0,5.0,4.0,5.0,1.0,3.0,5.0,2.0,2.0,3.0,5.0,5.0,4.0,2.0,5.0,4.0,4.0,5.0,1.0,2.0,5.0,1.0,4.0,5.0,4.0,4.0,4.0,5.0,2.0,5.0,3.0,1.0,5.0,5.0,4.0,3.0,3.0,5.0,3.0
477,3.0,4.0,3.0,4.0,3.0,1.0,3.0,3.0,5.0,1.0,3.0,5.0,3.0,2.0,5.0,3.0,3.0,2.0,3.0,3.0,3.0,1.0,3.0,3.0,1.0,5.0,4.0,4.0,3.0,3.0,4.0,3.0,4.0,3.0,3.0,2.0,3.0,3.0,4.0,3.0,3.0,3.0,3.0,2.0,3.0,4.0,5.0,1.0,4.0,4.0,3.0,3.0,3.0,3.0
479,3.0,5.0,2.0,5.0,1.0,4.0,3.0,5.0,4.0,3.0,1.0,2.0,5.0,3.0,3.0,5.0,4.0,2.0,5.0,3.0,2.0,1.0,3.0,4.0,3.0,5.0,4.0,5.0,4.0,4.0,5.0,4.0,5.0,1.0,4.0,5.0,3.0,4.0,4.0,2.0,3.0,5.0,4.0,3.0,4.0,1.0,3.0,2.0,3.0,3.0,4.0,4.0,3.0,2.0
482,2.0,4.0,5.0,4.0,2.0,2.0,1.0,3.0,1.0,1.0,1.0,3.0,4.0,2.0,1.0,4.0,4.0,2.0,2.0,1.0,5.0,2.0,1.0,2.0,2.0,3.0,5.0,5.0,2.0,5.0,4.0,5.0,3.0,2.0,3.0,2.0,2.0,4.0,2.0,4.0,4.0,5.0,2.0,4.0,5.0,4.0,1.0,3.0,2.0,5.0,5.0,4.0,4.0,5.0
489,3.0,2.0,4.0,5.0,2.0,3.0,2.0,4.0,4.0,2.0,5.0,3.0,4.0,2.0,5.0,4.0,4.0,2.0,1.0,3.0,4.0,3.0,2.0,1.0,4.0,1.0,4.0,3.0,1.0,3.0,3.0,5.0,3.0,2.0,3.0,2.0,3.0,3.0,3.0,4.0,3.0,3.0,3.0,3.0,5.0,4.0,4.0,3.0,3.0,4.0,4.0,3.0,5.0,3.0
497,3.0,3.0,4.0,3.0,3.0,4.0,3.0,4.0,5.0,2.0,3.0,4.0,3.0,3.0,5.0,4.0,3.0,2.0,5.0,5.0,5.0,3.0,3.0,4.0,5.0,5.0,4.0,3.0,1.0,2.0,3.0,4.0,3.0,4.0,3.0,3.0,3.0,3.0,3.0,3.0,3.0,5.0,5.0,3.0,5.0,1.0,2.0,1.0,2.0,3.0,4.0,3.0,3.0,4.0
500,3.0,3.0,4.0,3.0,1.0,3.0,5.0,3.0,5.0,1.0,3.0,5.0,3.0,5.0,4.0,2.0,2.0,2.0,1.0,4.0,3.0,2.0,3.0,1.0,1.0,1.0,5.0,1.0,1.0,4.0,5.0,4.0,4.0,1.0,2.0,4.0,2.0,1.0,3.0,3.0,3.0,4.0,5.0,1.0,4.0,4.0,5.0,1.0,1.0,5.0,5.0,4.0,5.0,5.0
504,2.0,2.0,4.0,5.0,3.0,3.0,1.0,4.0,5.0,2.0,2.0,5.0,4.0,4.0,4.0,4.0,3.0,2.0,4.0,4.0,5.0,4.0,4.0,5.0,2.0,4.0,4.0,5.0,3.0,4.0,5.0,5.0,1.0,5.0,3.0,2.0,3.0,5.0,4.0,3.0,3.0,3.0,4.0,3.0,5.0,1.0,5.0,2.0,4.0,5.0,5.0,2.0,5.0,5.0
505,3.0,4.0,3.0,5.0,1.0,4.0,5.0,5.0,3.0,1.0,4.0,3.0,3.0,1.0,5.0,5.0,4.0,1.0,3.0,3.0,5.0,2.0,1.0,3.0,5.0,1.0,4.0,2.0,1.0,3.0,3.0,5.0,2.0,2.0,1.0,2.0,2.0,3.0,4.0,4.0,3.0,5.0,3.0,3.0,4.0,5.0,1.0,4.0,3.0,4.0,2.0,2.0,4.0,5.0
509,2.0,4.0,3.0,3.0,3.0,1.0,3.0,3.0,4.0,1.0,5.0,3.0,4.0,3.0,2.0,5.0,4.0,2.0,5.0,3.0,5.0,4.0,3.0,4.0,3.0,5.0,5.0,4.0,4.0,4.0,5.0,4.0,3.0,3.0,2.0,1.0,3.0,1.0,3.0,4.0,3.0,4.0,5.0,2.0,4.0,4.0,1.0,3.0,1.0,4.0,3.0,2.0,2.0,3.0
513,1.0,5.0,5.0,5.0,1.0,1.0,3.0,5.0,1.0,1.0,3.0,5.0,3.0,1.0,5.0,1.0,5.0,1.0,5.0,5.0,5.0,1.0,1.0,1.0,3.0,5.0,5.0,5.0,1.0,5.0,5.0,5.0,1.0,1.0,1.0,5.0,5.0,5.0,3.0,4.0,3.0,5.0,5.0,3.0,5.0,1.0,5.0,1.0,5.0,5.0,5.0,1.0,5.0,5.0
531,4.0,2.0,4.0,4.0,1.0,3.0,5.0,3.0,5.0,1.0,4.0,2.0,3.0,1.0,3.0,5.0,4.0,1.0,4.0,3.0,5.0,2.0,3.0,5.0,1.0,4.0,4.0,2.0,4.0,3.0,4.0,3.0,1.0,3.0,3.0,5.0,4.0,5.0,3.0,2.0,3.0,4.0,2.0,2.0,4.0,1.0,3.0,1.0,3.0,2.0,3.0,3.0,5.0,5.0
532,4.0,1.0,5.0,4.0,1.0,2.0,2.0,5.0,5.0,1.0,3.0,4.0,3.0,1.0,4.0,5.0,3.0,1.0,5.0,3.0,5.0,2.0,1.0,4.0,2.0,3.0,5.0,3.0,1.0,5.0,5.0,3.0,4.0,2.0,4.0,2.0,3.0,5.0,3.0,1.0,3.0,1.0,2.0,3.0,3.0,5.0,5.0,3.0,4.0,5.0,3.0,4.0,5.0,1.0
538,3.0,4.0,3.0,3.0,3.0,2.0,5.0,5.0,4.0,3.0,5.0,4.0,3.0,1.0,5.0,4.0,4.0,3.0,5.0,4.0,3.0,4.0,4.0,5.0,2.0,5.0,3.0,4.0,2.0,5.0,3.0,3.0,4.0,1.0,2.0,1.0,2.0,1.0,4.0,3.0,4.0,3.0,5.0,2.0,3.0,3.0,2.0,3.0,2.0,4.0,3.0,4.0,4.0,5.0
545,3.0,4.0,4.0,5.0,4.0,3.0,1.0,4.0,5.0,1.0,3.0,3.0,3.0,3.0,5.0,1.0,4.0,2.0,5.0,5.0,1.0,2.0,4.0,3.0,1.0,4.0,2.0,2.0,1.0,2.0,2.0,5.0,4.0,1.0,5.0,3.0,4.0,4.0,5.0,4.0,3.0,3.0,4.0,1.0,3.0,3.0,2.0,4.0,4.0,3.0,1.0,3.0,5.0,4.0
547,1.0,3.0,3.0,5.0,1.0,4.0,4.0,4.0,4.0,1.0,3.0,4.0,3.0,4.0,5.0,4.0,4.0,2.0,4.0,4.0,5.0,4.0,1.0,1.0,2.0,4.0,5.0,4.0,3.0,5.0,5.0,5.0,4.0,4.0,3.0,2.0,2.0,4.0,4.0,4.0,3.0,5.0,2.0,3.0,5.0,3.0,4.0,2.0,3.0,5.0,4.0,4.0,4.0,5.0
549,2.0,1.0,3.0,5.0,1.0,1.0,2.0,5.0,3.0,1.0,3.0,3.0,3.0,1.0,4.0,5.0,3.0,1.0,3.0,3.0,3.0,1.0,3.0,4.0,3.0,5.0,5.0,3.0,4.0,2.0,5.0,4.0,1.0,5.0,1.0,1.0,4.0,3.0,3.0,4.0,3.0,4.0,5.0,4.0,5.0,4.0,4.0,3.0,1.0,5.0,3.0,2.0,3.0,2.0
550,3.0,4.0,5.0,5.0,1.0,2.0,2.0,5.0,5.0,2.0,3.0,2.0,4.0,1.0,5.0,5.0,4.0,2.0,4.0,4.0,5.0,3.0,3.0,2.0,5.0,3.0,4.0,4.0,1.0,5.0,5.0,5.0,4.0,2.0,3.0,1.0,3.0,2.0,3.0,3.0,4.0,4.0,3.0,3.0,5.0,3.0,3.0,2.0,2.0,5.0,4.0,2.0,4.0,5.0
555,3.0,4.0,4.0,3.0,3.0,3.0,4.0,5.0,4.0,2.0,2.0,3.0,4.0,2.0,4.0,4.0,4.0,2.0,4.0,4.0,3.0,3.0,2.0,3.0,3.0,5.0,4.0,3.0,2.0,4.0,4.0,4.0,3.0,2.0,3.0,3.0,3.0,3.0,2.0,3.0,4.0,4.0,4.0,3.0,5.0,4.0,3.0,1.0,4.0,4.0,3.0,3.0,3.0,4.0
562,3.0,3.0,3.0,5.0,2.0,4.0,2.0,5.0,5.0,4.0,4.0,5.0,4.0,3.0,5.0,5.0,4.0,1.0,4.0,5.0,5.0,3.0,4.0,2.0,3.0,5.0,4.0,4.0,1.0,3.0,4.0,5.0,4.0,2.0,3.0,3.0,4.0,2.0,3.0,4.0,3.0,3.0,3.0,2.0,5.0,1.0,5.0,3.0,5.0,4.0,5.0,3.0,4.0,5.0
576,4.0,4.0,4.0,4.0,2.0,1.0,2.0,2.0,3.0,2.0,3.0,4.0,3.0,1.0,5.0,5.0,4.0,1.0,4.0,4.0,3.0,2.0,2.0,3.0,4.0,4.0,3.0,4.0,1.0,4.0,4.0,4.0,2.0,4.0,4.0,1.0,3.0,3.0,2.0,2.0,4.0,4.0,4.0,2.0,4.0,4.0,2.0,3.0,2.0,4.0,3.0,3.0,4.0,4.0
591,4.0,3.0,5.0,4.0,2.0,2.0,2.0,3.0,4.0,5.0,3.0,4.0,3.0,2.0,5.0,4.0,3.0,2.0,1.0,3.0,4.0,3.0,3.0,4.0,3.0,1.0,4.0,3.0,3.0,4.0,4.0,4.0,2.0,1.0,3.0,2.0,3.0,2.0,3.0,4.0,3.0,2.0,2.0,2.0,3.0,4.0,5.0,3.0,3.0,4.0,5.0,2.0,4.0,4.0
592,4.0,4.0,5.0,3.0,2.0,2.0,3.0,5.0,3.0,2.0,3.0,3.0,4.0,1.0,5.0,5.0,5.0,1.0,3.0,3.0,3.0,3.0,1.0,3.0,5.0,3.0,5.0,2.0,1.0,5.0,5.0,4.0,4.0,3.0,1.0,3.0,3.0,4.0,3.0,3.0,3.0,3.0,4.0,4.0,5.0,4.0,2.0,3.0,3.0,5.0,3.0,3.0,4.0,5.0
610,3.0,5.0,5.0,3.0,1.0,4.0,1.0,4.0,2.0,4.0,2.0,2.0,5.0,1.0,2.0,4.0,5.0,2.0,2.0,3.0,5.0,4.0,3.0,4.0,2.0,5.0,5.0,2.0,1.0,5.0,4.0,5.0,3.0,3.0,3.0,2.0,2.0,5.0,4.0,4.0,4.0,4.0,1.0,4.0,5.0,2.0,5.0,3.0,4.0,4.0,3.0,3.0,4.0,4.0
615,3.0,5.0,4.0,5.0,1.0,1.0,3.0,5.0,4.0,5.0,3.0,3.0,3.0,1.0,5.0,5.0,5.0,1.0,1.0,5.0,5.0,3.0,5.0,2.0,1.0,3.0,4.0,5.0,1.0,5.0,5.0,5.0,3.0,2.0,3.0,1.0,5.0,5.0,3.0,2.0,4.0,5.0,1.0,1.0,5.0,3.0,3.0,1.0,5.0,3.0,2.0,2.0,5.0,5.0
616,3.0,3.0,4.0,5.0,2.0,2.0,2.0,3.0,3.0,4.0,3.0,3.0,3.0,1.0,5.0,4.0,3.0,1.0,1.0,3.0,4.0,2.0,3.0,5.0,2.0,3.0,4.0,3.0,1.0,5.0,3.0,3.0,3.0,2.0,3.0,2.0,4.0,3.0,3.0,4.0,3.0,3.0,3.0,1.0,3.0,4.0,4.0,4.0,3.0,4.0,4.0,3.0,5.0,3.0
625,4.0,3.0,4.0,3.0,1.0,2.0,2.0,3.0,3.0,1.0,2.0,4.0,3.0,1.0,3.0,3.0,3.0,2.0,1.0,3.0,3.0,2.0,4.0,4.0,3.0,3.0,4.0,3.0,5.0,4.0,4.0,3.0,4.0,3.0,2.0,1.0,4.0,2.0,2.0,2.0,4.0,1.0,4.0,5.0,4.0,2.0,5.0,1.0,3.0,4.0,3.0,4.0,5.0,5.0
632,3.0,4.0,5.0,5.0,1.0,2.0,2.0,5.0,5.0,1.0,3.0,2.0,4.0,2.0,2.0,5.0,5.0,2.0,3.0,4.0,5.0,3.0,1.0,4.0,3.0,5.0,5.0,1.0,1.0,5.0,5.0,5.0,3.0,5.0,2.0,2.0,3.0,3.0,5.0,3.0,3.0,3.0,1.0,3.0,5.0,3.0,1.0,1.0,3.0,5.0,5.0,5.0,4.0,4.0
635,3.0,4.0,2.0,4.0,3.0,1.0,3.0,4.0,3.0,1.0,3.0,4.0,3.0,1.0,4.0,3.0,3.0,1.0,4.0,4.0,3.0,3.0,2.0,2.0,4.0,5.0,4.0,2.0,1.0,5.0,3.0,3.0,3.0,4.0,2.0,1.0,3.0,3.0,4.0,4.0,4.0,2.0,3.0,3.0,4.0,4.0,4.0,3.0,4.0,2.0,3.0,4.0,2.0,4.0
638,4.0,4.0,5.0,5.0,1.0,2.0,2.0,2.0,4.0,2.0,3.0,3.0,4.0,2.0,5.0,3.0,5.0,2.0,3.0,2.0,3.0,3.0,2.0,3.0,4.0,5.0,4.0,3.0,1.0,4.0,4.0,4.0,4.0,1.0,2.0,3.0,2.0,4.0,3.0,3.0,3.0,4.0,3.0,2.0,4.0,3.0,3.0,3.0,3.0,4.0,4.0,4.0,3.0,4.0
644,3.0,5.0,3.0,3.0,4.0,2.0,3.0,2.0,5.0,2.0,3.0,1.0,3.0,1.0,3.0,5.0,4.0,1.0,4.0,3.0,5.0,1.0,4.0,2.0,1.0,2.0,4.0,3.0,1.0,4.0,4.0,4.0,4.0,4.0,2.0,2.0,3.0,4.0,4.0,4.0,3.0,3.0,5.0,3.0,5.0,3.0,4.0,4.0,4.0,2.0,4.0,3.0,5.0,4.0
652,3.0,3.0,2.0,3.0,3.0,1.0,2.0,2.0,3.0,2.0,3.0,3.0,3.0,2.0,5.0,3.0,4.0,2.0,3.0,3.0,3.0,4.0,4.0,5.0,3.0,5.0,4.0,3.0,2.0,4.0,5.0,4.0,4.0,1.0,2.0,5.0,4.0,4.0,5.0,3.0,3.0,4.0,2.0,3.0,4.0,4.0,5.0,3.0,5.0,5.0,1.0,4.0,4.0,5.0
653,2.0,4.0,4.0,5.0,3.0,2.0,2.0,4.0,3.0,1.0,5.0,3.0,3.0,1.0,5.0,2.0,3.0,1.0,1.0,3.0,4.0,5.0,4.0,5.0,1.0,4.0,4.0,4.0,1.0,4.0,5.0,5.0,5.0,1.0,5.0,2.0,2.0,3.0,1.0,4.0,3.0,2.0,4.0,5.0,5.0,3.0,5.0,2.0,3.0,4.0,5.0,3.0,4.0,4.0
655,2.0,4.0,3.0,4.0,3.0,3.0,2.0,4.0,4.0,2.0,3.0,4.0,3.0,4.0,4.0,5.0,4.0,2.0,3.0,3.0,4.0,4.0,2.0,2.0,2.0,4.0,3.0,3.0,1.0,4.0,5.0,5.0,3.0,2.0,3.0,2.0,3.0,3.0,3.0,3.0,4.0,2.0,2.0,4.0,5.0,3.0,4.0,4.0,4.0,4.0,3.0,2.0,2.0,2.0
659,4.0,3.0,2.0,5.0,1.0,1.0,2.0,3.0,4.0,1.0,3.0,4.0,5.0,4.0,5.0,4.0,3.0,1.0,5.0,5.0,5.0,4.0,1.0,3.0,4.0,5.0,5.0,1.0,1.0,4.0,5.0,4.0,5.0,4.0,1.0,3.0,2.0,4.0,3.0,3.0,4.0,2.0,1.0,3.0,5.0,4.0,5.0,3.0,3.0,5.0,3.0,3.0,4.0,5.0
679,2.0,3.0,4.0,5.0,3.0,1.0,3.0,2.0,5.0,1.0,3.0,4.0,3.0,3.0,4.0,2.0,3.0,2.0,1.0,4.0,4.0,3.0,1.0,1.0,3.0,1.0,3.0,3.0,3.0,5.0,5.0,5.0,4.0,1.0,4.0,2.0,2.0,3.0,3.0,4.0,3.0,4.0,5.0,3.0,4.0,2.0,4.0,5.0,3.0,5.0,5.0,3.0,5.0,5.0
685,2.0,4.0,1.0,5.0,1.0,2.0,3.0,4.0,5.0,1.0,4.0,4.0,3.0,2.0,3.0,4.0,4.0,1.0,4.0,4.0,4.0,4.0,2.0,3.0,4.0,4.0,4.0,3.0,1.0,3.0,3.0,5.0,2.0,4.0,2.0,2.0,2.0,2.0,4.0,3.0,4.0,4.0,5.0,2.0,5.0,1.0,3.0,1.0,3.0,4.0,4.0,3.0,2.0,4.0
690,3.0,4.0,5.0,5.0,2.0,3.0,2.0,4.0,5.0,1.0,4.0,2.0,4.0,2.0,5.0,4.0,3.0,2.0,3.0,3.0,2.0,4.0,3.0,4.0,3.0,4.0,4.0,4.0,2.0,4.0,4.0,5.0,3.0,1.0,3.0,4.0,2.0,2.0,3.0,3.0,4.0,3.0,5.0,5.0,4.0,2.0,4.0,3.0,3.0,5.0,3.0,3.0,4.0,5.0
693,3.0,3.0,3.0,4.0,4.0,2.0,2.0,3.0,2.0,1.0,4.0,5.0,3.0,3.0,5.0,4.0,3.0,3.0,2.0,2.0,4.0,5.0,2.0,3.0,2.0,2.0,3.0,3.0,1.0,5.0,4.0,4.0,5.0,1.0,1.0,3.0,2.0,3.0,3.0,3.0,3.0,4.0,3.0,4.0,4.0,3.0,5.0,3.0,3.0,5.0,3.0,3.0,4.0,3.0
713,2.0,3.0,3.0,4.0,1.0,2.0,2.0,5.0,4.0,1.0,3.0,2.0,3.0,2.0,1.0,4.0,4.0,2.0,3.0,4.0,4.0,3.0,2.0,5.0,2.0,5.0,4.0,1.0,1.0,4.0,3.0,5.0,3.0,2.0,1.0,1.0,3.0,4.0,4.0,4.0,4.0,4.0,4.0,4.0,5.0,4.0,2.0,4.0,4.0,4.0,3.0,3.0,4.0,5.0
715,3.0,3.0,1.0,3.0,2.0,2.0,3.0,5.0,5.0,1.0,3.0,5.0,4.0,1.0,5.0,3.0,5.0,3.0,1.0,3.0,5.0,3.0,2.0,5.0,3.0,4.0,5.0,3.0,1.0,3.0,3.0,3.0,1.0,5.0,2.0,1.0,4.0,1.0,3.0,4.0,3.0,5.0,5.0,2.0,3.0,1.0,3.0,4.0,3.0,3.0,4.0,3.0,5.0,5.0
716,3.0,3.0,4.0,4.0,3.0,2.0,3.0,3.0,5.0,2.0,5.0,2.0,3.0,1.0,5.0,3.0,3.0,2.0,1.0,3.0,3.0,5.0,3.0,1.0,5.0,3.0,5.0,3.0,1.0,3.0,4.0,4.0,3.0,1.0,2.0,1.0,3.0,2.0,3.0,3.0,3.0,4.0,3.0,4.0,3.0,4.0,4.0,4.0,3.0,3.0,3.0,3.0,4.0,5.0
717,3.0,2.0,4.0,4.0,4.0,1.0,2.0,4.0,5.0,1.0,3.0,5.0,2.0,1.0,5.0,4.0,4.0,2.0,1.0,4.0,4.0,4.0,3.0,2.0,3.0,1.0,4.0,3.0,1.0,3.0,3.0,4.0,4.0,3.0,3.0,1.0,3.0,3.0,2.0,4.0,4.0,4.0,2.0,2.0,4.0,3.0,4.0,4.0,3.0,4.0,5.0,3.0,4.0,5.0
732,4.0,5.0,3.0,4.0,3.0,2.0,2.0,5.0,3.0,2.0,4.0,4.0,4.0,2.0,3.0,5.0,4.0,2.0,4.0,5.0,3.0,4.0,4.0,4.0,2.0,5.0,4.0,3.0,1.0,2.0,4.0,5.0,4.0,1.0,4.0,4.0,4.0,5.0,3.0,4.0,3.0,2.0,2.0,3.0,5.0,4.0,4.0,1.0,4.0,4.0,5.0,4.0,5.0,4.0
733,3.0,4.0,3.0,4.0,1.0,2.0,2.0,3.0,2.0,1.0,5.0,3.0,4.0,2.0,3.0,4.0,5.0,1.0,3.0,3.0,5.0,2.0,3.0,2.0,3.0,3.0,5.0,4.0,2.0,5.0,4.0,4.0,4.0,3.0,2.0,2.0,3.0,4.0,4.0,3.0,3.0,4.0,2.0,3.0,4.0,2.0,4.0,4.0,4.0,3.0,4.0,3.0,4.0,4.0
735,2.0,2.0,3.0,4.0,3.0,3.0,2.0,4.0,2.0,1.0,2.0,5.0,3.0,1.0,5.0,2.0,4.0,1.0,3.0,3.0,5.0,1.0,3.0,5.0,2.0,5.0,4.0,2.0,1.0,5.0,2.0,5.0,2.0,5.0,1.0,1.0,3.0,4.0,4.0,5.0,3.0,4.0,2.0,3.0,4.0,5.0,4.0,2.0,3.0,5.0,5.0,4.0,3.0,5.0
736,2.0,3.0,5.0,5.0,4.0,3.0,2.0,5.0,5.0,1.0,3.0,5.0,4.0,2.0,5.0,5.0,4.0,1.0,5.0,4.0,3.0,1.0,5.0,5.0,4.0,5.0,4.0,5.0,2.0,2.0,5.0,5.0,5.0,2.0,2.0,1.0,2.0,2.0,2.0,5.0,4.0,4.0,4.0,1.0,5.0,5.0,2.0,2.0,2.0,5.0,4.0,3.0,3.0,4.0
741,4.0,3.0,3.0,4.0,4.0,3.0,3.0,3.0,2.0,2.0,3.0,4.0,3.0,1.0,4.0,3.0,4.0,2.0,4.0,4.0,4.0,3.0,1.0,4.0,3.0,5.0,3.0,3.0,2.0,4.0,4.0,4.0,3.0,2.0,2.0,3.0,4.0,2.0,5.0,4.0,3.0,2.0,3.0,3.0,4.0,4.0,3.0,4.0,3.0,4.0,3.0,2.0,3.0,4.0
745,2.0,4.0,2.0,5.0,4.0,2.0,5.0,5.0,5.0,1.0,1.0,3.0,3.0,1.0,5.0,5.0,3.0,4.0,3.0,3.0,5.0,2.0,1.0,2.0,3.0,5.0,2.0,3.0,1.0,3.0,3.0,3.0,2.0,4.0,4.0,1.0,5.0,5.0,2.0,2.0,3.0,3.0,5.0,3.0,4.0,3.0,3.0,3.0,3.0,3.0,4.0,4.0,5.0,5.0
751,2.0,4.0,3.0,4.0,2.0,5.0,3.0,5.0,3.0,2.0,5.0,3.0,3.0,3.0,5.0,5.0,4.0,2.0,2.0,1.0,5.0,2.0,3.0,3.0,4.0,5.0,4.0,3.0,2.0,3.0,4.0,4.0,5.0,2.0,2.0,2.0,2.0,4.0,3.0,3.0,3.0,3.0,1.0,3.0,4.0,1.0,3.0,5.0,3.0,3.0,3.0,3.0,4.0,4.0
756,3.0,4.0,4.0,4.0,1.0,2.0,4.0,2.0,5.0,3.0,3.0,3.0,3.0,3.0,4.0,3.0,4.0,4.0,1.0,3.0,4.0,4.0,3.0,1.0,3.0,3.0,3.0,4.0,1.0,3.0,4.0,5.0,3.0,5.0,3.0,5.0,3.0,3.0,3.0,3.0,3.0,3.0,3.0,3.0,5.0,2.0,3.0,5.0,3.0,3.0,3.0,3.0,3.0,5.0
761,2.0,3.0,5.0,4.0,5.0,2.0,3.0,4.0,4.0,2.0,5.0,5.0,2.0,2.0,5.0,4.0,4.0,2.0,1.0,2.0,5.0,3.0,3.0,2.0,2.0,1.0,5.0,3.0,1.0,5.0,4.0,4.0,4.0,3.0,2.0,1.0,2.0,4.0,5.0,3.0,3.0,4.0,5.0,3.0,4.0,4.0,5.0,3.0,4.0,5.0,3.0,4.0,4.0,2.0
775,2.0,3.0,4.0,3.0,2.0,2.0,3.0,2.0,3.0,1.0,4.0,4.0,4.0,3.0,3.0,3.0,4.0,1.0,4.0,3.0,5.0,2.0,3.0,2.0,3.0,3.0,4.0,3.0,2.0,3.0,4.0,3.0,3.0,3.0,2.0,2.0,2.0,5.0,4.0,4.0,4.0,3.0,2.0,2.0,4.0,4.0,3.0,3.0,4.0,3.0,4.0,2.0,4.0,4.0
781,3.0,3.0,5.0,5.0,3.0,4.0,2.0,4.0,5.0,1.0,4.0,2.0,4.0,2.0,4.0,4.0,3.0,2.0,4.0,3.0,2.0,4.0,3.0,5.0,3.0,4.0,4.0,4.0,2.0,4.0,4.0,5.0,4.0,1.0,3.0,4.0,2.0,3.0,3.0,3.0,4.0,3.0,5.0,4.0,5.0,2.0,3.0,4.0,3.0,5.0,3.0,3.0,3.0,4.0
785,1.0,3.0,3.0,3.0,1.0,3.0,2.0,5.0,4.0,1.0,5.0,3.0,3.0,3.0,5.0,5.0,3.0,3.0,4.0,5.0,3.0,3.0,2.0,3.0,2.0,5.0,5.0,2.0,2.0,2.0,5.0,4.0,4.0,4.0,3.0,5.0,2.0,4.0,3.0,4.0,4.0,3.0,4.0,3.0,4.0,2.0,3.0,3.0,3.0,4.0,3.0,4.0,2.0,5.0
787,2.0,4.0,3.0,5.0,3.0,3.0,2.0,3.0,2.0,1.0,4.0,3.0,4.0,1.0,5.0,3.0,3.0,1.0,5.0,4.0,3.0,2.0,3.0,5.0,3.0,5.0,3.0,4.0,1.0,3.0,2.0,4.0,4.0,1.0,2.0,2.0,5.0,1.0,4.0,4.0,4.0,2.0,3.0,2.0,5.0,3.0,2.0,4.0,3.0,5.0,3.0,3.0,3.0,2.0
801,2.0,4.0,4.0,5.0,3.0,1.0,3.0,5.0,4.0,1.0,2.0,3.0,3.0,2.0,1.0,4.0,1.0,1.0,4.0,1.0,4.0,3.0,4.0,2.0,2.0,4.0,4.0,4.0,1.0,3.0,4.0,4.0,5.0,2.0,2.0,1.0,2.0,4.0,4.0,3.0,4.0,5.0,5.0,2.0,5.0,4.0,2.0,2.0,3.0,4.0,4.0,2.0,5.0,3.0
803,3.0,5.0,4.0,5.0,2.0,2.0,4.0,3.0,5.0,3.0,4.0,3.0,3.0,3.0,5.0,5.0,5.0,1.0,4.0,4.0,4.0,4.0,2.0,3.0,3.0,5.0,4.0,2.0,1.0,4.0,3.0,5.0,3.0,3.0,1.0,1.0,3.0,4.0,5.0,3.0,4.0,4.0,5.0,5.0,5.0,2.0,2.0,4.0,4.0,3.0,4.0,4.0,3.0,2.0
805,5.0,1.0,4.0,4.0,4.0,1.0,3.0,2.0,4.0,4.0,5.0,2.0,1.0,2.0,5.0,2.0,5.0,2.0,3.0,4.0,4.0,4.0,1.0,5.0,1.0,4.0,4.0,4.0,3.0,3.0,4.0,2.0,5.0,2.0,2.0,2.0,4.0,5.0,3.0,4.0,3.0,5.0,5.0,3.0,3.0,3.0,4.0,5.0,5.0,5.0,3.0,2.0,5.0,5.0
814,3.0,3.0,3.0,4.0,1.0,3.0,5.0,4.0,5.0,3.0,3.0,3.0,4.0,5.0,1.0,1.0,4.0,2.0,4.0,4.0,5.0,1.0,4.0,1.0,3.0,5.0,5.0,4.0,1.0,5.0,2.0,5.0,3.0,2.0,1.0,1.0,3.0,3.0,5.0,2.0,4.0,3.0,3.0,1.0,3.0,3.0,1.0,1.0,3.0,4.0,4.0,1.0,3.0,3.0
817,4.0,4.0,1.0,5.0,3.0,2.0,1.0,3.0,5.0,2.0,1.0,5.0,3.0,4.0,4.0,3.0,5.0,1.0,5.0,3.0,3.0,3.0,4.0,5.0,5.0,5.0,4.0,3.0,2.0,5.0,3.0,5.0,3.0,3.0,1.0,3.0,3.0,5.0,3.0,4.0,5.0,3.0,1.0,3.0,4.0,4.0,5.0,3.0,3.0,5.0,3.0,2.0,5.0,5.0
825,3.0,3.0,4.0,5.0,3.0,1.0,5.0,2.0,5.0,1.0,3.0,2.0,3.0,1.0,5.0,3.0,3.0,1.0,4.0,1.0,4.0,3.0,3.0,5.0,3.0,3.0,3.0,3.0,2.0,5.0,5.0,5.0,3.0,2.0,1.0,2.0,3.0,3.0,3.0,3.0,3.0,5.0,3.0,1.0,5.0,1.0,2.0,3.0,2.0,4.0,3.0,2.0,3.0,5.0
841,2.0,3.0,4.0,4.0,2.0,3.0,2.0,5.0,5.0,1.0,3.0,2.0,4.0,4.0,5.0,4.0,4.0,1.0,1.0,4.0,3.0,2.0,3.0,1.0,4.0,2.0,4.0,4.0,2.0,2.0,4.0,4.0,4.0,4.0,2.0,4.0,3.0,4.0,3.0,4.0,3.0,2.0,3.0,3.0,3.0,3.0,3.0,3.0,3.0,4.0,3.0,3.0,2.0,3.0
843,3.0,4.0,1.0,5.0,2.0,1.0,2.0,2.0,5.0,5.0,2.0,5.0,3.0,3.0,5.0,5.0,5.0,1.0,3.0,5.0,5.0,3.0,3.0,2.0,5.0,4.0,4.0,2.0,1.0,4.0,3.0,4.0,3.0,2.0,1.0,1.0,3.0,4.0,3.0,1.0,4.0,5.0,2.0,3.0,5.0,2.0,4.0,4.0,1.0,5.0,3.0,3.0,5.0,5.0
844,2.0,2.0,2.0,5.0,1.0,3.0,3.0,4.0,4.0,5.0,5.0,1.0,3.0,2.0,5.0,2.0,5.0,1.0,5.0,5.0,2.0,4.0,5.0,1.0,3.0,2.0,5.0,5.0,1.0,5.0,3.0,4.0,4.0,3.0,3.0,4.0,4.0,3.0,5.0,3.0,4.0,2.0,3.0,3.0,4.0,3.0,3.0,5.0,2.0,3.0,3.0,4.0,4.0,5.0
845,2.0,4.0,5.0,3.0,3.0,4.0,3.0,4.0,5.0,1.0,4.0,5.0,3.0,1.0,3.0,3.0,5.0,1.0,1.0,2.0,3.0,2.0,2.0,1.0,5.0,5.0,5.0,5.0,4.0,5.0,5.0,5.0,4.0,3.0,2.0,5.0,2.0,2.0,4.0,4.0,5.0,5.0,3.0,2.0,5.0,3.0,5.0,2.0,3.0,4.0,3.0,3.0,5.0,5.0
855,2.0,5.0,4.0,4.0,2.0,2.0,2.0,3.0,5.0,2.0,5.0,2.0,4.0,4.0,5.0,5.0,5.0,2.0,1.0,5.0,5.0,4.0,5.0,4.0,1.0,4.0,4.0,3.0,1.0,5.0,3.0,3.0,2.0,3.0,3.0,3.0,2.0,3.0,5.0,4.0,4.0,3.0,3.0,2.0,3.0,4.0,3.0,3.0,4.0,5.0,4.0,3.0,3.0,4.0
856,4.0,4.0,2.0,5.0,4.0,1.0,5.0,4.0,2.0,3.0,2.0,3.0,3.0,2.0,5.0,4.0,4.0,1.0,1.0,4.0,4.0,4.0,2.0,4.0,3.0,3.0,5.0,4.0,2.0,5.0,4.0,4.0,4.0,1.0,3.0,3.0,4.0,3.0,2.0,4.0,3.0,4.0,5.0,3.0,4.0,2.0,5.0,4.0,2.0,5.0,4.0,4.0,3.0,4.0
868,3.0,3.0,5.0,5.0,2.0,2.0,1.0,2.0,4.0,1.0,3.0,3.0,3.0,1.0,5.0,4.0,4.0,3.0,3.0,3.0,3.0,2.0,2.0,3.0,2.0,3.0,4.0,2.0,1.0,5.0,5.0,4.0,2.0,3.0,2.0,2.0,3.0,4.0,3.0,4.0,4.0,2.0,5.0,4.0,5.0,2.0,4.0,1.0,1.0,5.0,3.0,4.0,3.0,3.0
871,3.0,4.0,2.0,3.0,2.0,3.0,2.0,5.0,4.0,1.0,4.0,2.0,5.0,4.0,5.0,4.0,5.0,3.0,3.0,4.0,5.0,2.0,3.0,2.0,2.0,3.0,4.0,2.0,2.0,4.0,3.0,4.0,2.0,2.0,1.0,2.0,3.0,4.0,4.0,3.0,3.0,2.0,4.0,3.0,4.0,2.0,2.0,2.0,2.0,3.0,5.0,2.0,4.0,2.0
899,3.0,3.0,5.0,4.0,2.0,3.0,3.0,4.0,5.0,2.0,3.0,4.0,3.0,1.0,5.0,5.0,4.0,1.0,3.0,5.0,4.0,3.0,3.0,5.0,4.0,5.0,4.0,3.0,3.0,4.0,4.0,4.0,3.0,3.0,2.0,1.0,3.0,3.0,2.0,3.0,3.0,5.0,5.0,2.0,3.0,2.0,4.0,3.0,3.0,3.0,3.0,4.0,3.0,5.0
901,3.0,5.0,4.0,3.0,3.0,3.0,2.0,4.0,2.0,4.0,4.0,4.0,3.0,1.0,5.0,3.0,3.0,4.0,3.0,4.0,4.0,3.0,3.0,4.0,2.0,4.0,4.0,5.0,3.0,3.0,3.0,4.0,4.0,2.0,3.0,3.0,4.0,2.0,3.0,4.0,3.0,3.0,2.0,3.0,4.0,2.0,4.0,3.0,2.0,5.0,4.0,2.0,5.0,4.0
902,2.0,4.0,3.0,5.0,2.0,1.0,3.0,5.0,5.0,2.0,2.0,3.0,3.0,3.0,5.0,3.0,4.0,1.0,2.0,3.0,3.0,1.0,3.0,1.0,4.0,4.0,3.0,4.0,1.0,3.0,5.0,5.0,3.0,4.0,2.0,4.0,3.0,5.0,2.0,4.0,3.0,5.0,5.0,3.0,5.0,3.0,2.0,3.0,3.0,3.0,3.0,4.0,5.0,3.0
903,3.0,4.0,3.0,5.0,1.0,1.0,2.0,3.0,4.0,1.0,3.0,4.0,4.0,1.0,2.0,5.0,3.0,2.0,3.0,5.0,4.0,3.0,1.0,4.0,1.0,3.0,4.0,2.0,2.0,4.0,5.0,4.0,2.0,1.0,2.0,1.0,3.0,4.0,2.0,3.0,5.0,2.0,3.0,3.0,4.0,2.0,1.0,3.0,4.0,4.0,3.0,4.0,2.0,3.0
905,3.0,4.0,5.0,3.0,3.0,3.0,4.0,5.0,3.0,1.0,3.0,2.0,4.0,2.0,4.0,4.0,4.0,2.0,5.0,3.0,3.0,2.0,1.0,2.0,4.0,5.0,3.0,3.0,1.0,5.0,4.0,4.0,5.0,3.0,2.0,4.0,3.0,5.0,3.0,4.0,4.0,3.0,3.0,3.0,4.0,3.0,2.0,2.0,4.0,4.0,3.0,3.0,3.0,4.0
911,4.0,5.0,3.0,5.0,3.0,1.0,4.0,4.0,2.0,1.0,5.0,2.0,4.0,2.0,4.0,3.0,3.0,2.0,4.0,4.0,4.0,3.0,3.0,2.0,4.0,4.0,4.0,3.0,1.0,2.0,4.0,4.0,5.0,2.0,2.0,5.0,4.0,4.0,4.0,4.0,4.0,3.0,4.0,2.0,5.0,4.0,5.0,4.0,4.0,5.0,4.0,2.0,3.0,4.0
927,2.0,3.0,5.0,5.0,1.0,1.0,2.0,3.0,4.0,1.0,4.0,3.0,4.0,2.0,4.0,4.0,4.0,1.0,3.0,3.0,4.0,3.0,2.0,3.0,2.0,5.0,4.0,3.0,1.0,4.0,4.0,4.0,4.0,1.0,2.0,1.0,3.0,3.0,4.0,3.0,3.0,4.0,4.0,2.0,4.0,3.0,3.0,3.0,2.0,3.0,5.0,4.0,3.0,3.0
930,3.0,3.0,4.0,5.0,3.0,2.0,2.0,5.0,5.0,2.0,4.0,4.0,4.0,1.0,5.0,3.0,5.0,2.0,1.0,3.0,3.0,1.0,3.0,2.0,4.0,1.0,4.0,2.0,1.0,3.0,3.0,5.0,4.0,3.0,1.0,4.0,1.0,5.0,3.0,3.0,4.0,5.0,3.0,3.0,4.0,3.0,4.0,2.0,3.0,5.0,3.0,5.0,5.0,5.0
937,4.0,3.0,2.0,5.0,3.0,2.0,2.0,4.0,3.0,3.0,2.0,2.0,4.0,2.0,4.0,5.0,3.0,2.0,2.0,3.0,5.0,3.0,3.0,2.0,4.0,5.0,4.0,4.0,3.0,4.0,4.0,2.0,4.0,3.0,4.0,4.0,4.0,2.0,4.0,3.0,2.0,3.0,2.0,2.0,3.0,2.0,3.0,4.0,3.0,4.0,4.0,4.0,4.0,2.0
940,3.0,3.0,4.0,5.0,2.0,3.0,2.0,4.0,5.0,1.0,2.0,4.0,3.0,2.0,5.0,5.0,4.0,2.0,2.0,4.0,5.0,2.0,2.0,2.0,5.0,1.0,4.0,2.0,2.0,4.0,5.0,4.0,2.0,4.0,2.0,2.0,4.0,2.0,3.0,4.0,3.0,4.0,4.0,2.0,4.0,3.0,1.0,4.0,2.0,4.0,4.0,1.0,4.0,3.0
959,3.0,4.0,4.0,4.0,3.0,3.0,2.0,3.0,4.0,1.0,2.0,2.0,3.0,1.0,2.0,2.0,4.0,2.0,2.0,4.0,3.0,3.0,3.0,2.0,4.0,4.0,4.0,3.0,2.0,4.0,3.0,5.0,3.0,4.0,3.0,2.0,3.0,3.0,3.0,4.0,3.0,3.0,4.0,2.0,4.0,3.0,4.0,1.0,4.0,2.0,4.0,2.0,3.0,2.0
973,2.0,3.0,2.0,1.0,3.0,2.0,3.0,3.0,5.0,5.0,2.0,2.0,2.0,2.0,4.0,5.0,4.0,1.0,3.0,4.0,2.0,1.0,4.0,3.0,1.0,3.0,4.0,3.0,1.0,3.0,5.0,5.0,3.0,4.0,2.0,3.0,3.0,5.0,3.0,4.0,3.0,5.0,4.0,3.0,4.0,3.0,5.0,1.0,3.0,2.0,3.0,4.0,5.0,2.0
977,3.0,5.0,2.0,5.0,1.0,3.0,2.0,5.0,4.0,1.0,3.0,4.0,4.0,2.0,5.0,4.0,4.0,2.0,2.0,4.0,5.0,4.0,3.0,4.0,4.0,2.0,5.0,3.0,1.0,4.0,4.0,5.0,3.0,4.0,2.0,4.0,3.0,4.0,4.0,4.0,4.0,4.0,4.0,3.0,5.0,4.0,4.0,2.0,3.0,3.0,2.0,3.0,3.0,5.0
980,4.0,5.0,3.0,3.0,2.0,1.0,3.0,3.0,4.0,5.0,5.0,3.0,2.0,1.0,5.0,4.0,4.0,1.0,4.0,4.0,3.0,4.0,3.0,4.0,2.0,4.0,5.0,3.0,1.0,5.0,5.0,4.0,5.0,2.0,2.0,2.0,4.0,2.0,2.0,3.0,4.0,3.0,3.0,4.0,4.0,4.0,4.0,3.0,2.0,4.0,2.0,2.0,5.0,5.0
999,3.0,3.0,4.0,5.0,2.0,1.0,2.0,2.0,2.0,1.0,3.0,3.0,4.0,1.0,5.0,5.0,3.0,2.0,5.0,2.0,5.0,4.0,3.0,2.0,1.0,4.0,4.0,2.0,2.0,2.0,5.0,5.0,3.0,3.0,2.0,5.0,2.0,4.0,3.0,3.0,4.0,4.0,4.0,3.0,5.0,3.0,2.0,3.0,2.0,4.0,3.0,2.0,4.0,3.0
1000,3.0,4.0,3.0,4.0,3.0,2.0,2.0,5.0,5.0,1.0,4.0,2.0,4.0,3.0,5.0,4.0,4.0,3.0,2.0,2.0,5.0,4.0,3.0,3.0,4.0,3.0,4.0,3.0,1.0,5.0,5.0,4.0,3.0,2.0,3.0,3.0,1.0,5.0,3.0,3.0,3.0,4.0,3.0,3.0,4.0,2.0,3.0,3.0,4.0,4.0,3.0,3.0,5.0,2.0
1004,3.0,3.0,4.0,5.0,2.0,3.0,5.0,3.0,3.0,2.0,4.0,3.0,4.0,3.0,5.0,4.0,3.0,2.0,3.0,5.0,5.0,3.0,3.0,2.0,4.0,4.0,3.0,3.0,2.0,2.0,3.0,5.0,2.0,3.0,3.0,1.0,3.0,2.0,3.0,4.0,3.0,3.0,3.0,2.0,3.0,1.0,3.0,3.0,2.0,4.0,3.0,3.0,3.0,4.0
1007,3.0,3.0,4.0,4.0,4.0,3.0,1.0,5.0,3.0,3.0,1.0,5.0,3.0,1.0,5.0,2.0,4.0,1.0,5.0,3.0,2.0,1.0,1.0,1.0,4.0,5.0,4.0,3.0,1.0,3.0,5.0,4.0,2.0,1.0,1.0,1.0,1.0,5.0,3.0,4.0,5.0,3.0,5.0,3.0,5.0,5.0,5.0,3.0,3.0,5.0,1.0,5.0,5.0,1.0
1010,1.0,4.0,2.0,5.0,1.0,1.0,2.0,2.0,5.0,2.0,3.0,5.0,3.0,4.0,2.0,4.0,2.0,4.0,3.0,1.0,4.0,3.0,1.0,2.0,1.0,1.0,4.0,5.0,3.0,2.0,5.0,5.0,2.0,2.0,3.0,3.0,2.0,2.0,2.0,3.0,4.0,5.0,2.0,5.0,5.0,1.0,3.0,3.0,2.0,4.0,4.0,1.0,5.0,4.0
